Country Name,Country Code,Indicator Name,Indicator Code,1960,1961,1962,1963,1964,1965,1966,1967,1968,1969,1970,1971,1972,1973,1974,1975,1976,1977,1978,1979,1980,1981,1982,1983,1984,1985,1986,1987,1988,1989,1990,1991,1992,1993,1994,1995,1996,1997,1998,1999,2000,2001,2002,2003,2004,2005,2006,2007,2008,2009,2010,2011,2012,2013,2014,2015,2016,2017,2018
Aruba,ABW,"Personal remittances, received (% of GDP)",BX.TRF.PWKR.DT.GD.ZS,,,,,,,,,,,,,,,,,,,,,,,,,,,,,,,,29%,27%,31%,31%,10%,12%,12%,10%,4%,6%,7%,7%,1%,7%,4%,4%,20%,25%,36%,21%,21%,19%,25%,28%,30%,28%,28%,
Afghanistan,AFG,"Personal remittances, received (% of GDP)",BX.TRF.PWKR.DT.GD.ZS,,,,,,,,,,,,,,,,,,,,,,,,,,,,,,,,,,,,,,,,,,,,,,,,,89%,113%,218%,101%,110%,163%,124%,175%,337%,364%,199%
Angola,AGO,"Personal remittances, received (% of GDP)",BX.TRF.PWKR.DT.GD.ZS,,,,,,,,,,,,,,,,,,,,,,,,,,,,,,,,,,,,,7%,,,,,,,,,,,,9%,0%,2%,0%,3%,3%,2%,1%,0%,0%,0%
Albania,ALB,"Personal remittances, received (% of GDP)",BX.TRF.PWKR.DT.GD.ZS,,,,,,,,,,,,,,,,,,,,,,,,,,,,,,,,,2328%,2801%,1633%,1786%,1722%,1330%,1980%,1268%,1718%,1783%,1687%,1584%,1615%,1602%,1528%,1375%,1448%,1425%,1331%,1203%,1153%,1003%,1074%,1133%,1101%,1006%,968%
Andorra,AND,"Personal remittances, received (% of GDP)",BX.TRF.PWKR.DT.GD.ZS,,,,,,,,,,,,,,,,,,,,,,,,,,,,,,,,,,,,,,,,,,,,,,,,,,,,,,,,,,,
Arab World,ARB,"Personal remittances, received (% of GDP)",BX.TRF.PWKR.DT.GD.ZS,,,,,,,,,,,,,,,,,,,,,,,,,,,,,,,,,,,,,,,,,,,,,,264%,246%,,,254%,236%,194%,207%,207%,227%,239%,242%,268%,271%
United Arab Emirates,ARE,"Personal remittances, received (% of GDP)",BX.TRF.PWKR.DT.GD.ZS,,,,,,,,,,,,,,,,,,,,,,,,,,,,,,,,,,,,,,,,,,,,,,,,,,,,,,,,,,,
Argentina,ARG,"Personal remittances, received (% of GDP)",BX.TRF.PWKR.DT.GD.ZS,,,,,,,,,,,,,,,,,,,4%,6%,7%,5%,3%,3%,4%,3%,3%,3%,2%,3%,2%,1%,1%,2%,2%,2%,2%,2%,2%,2%,3%,7%,21%,21%,19%,22%,23%,21%,20%,19%,15%,13%,11%,10%,10%,8%,7%,7%,10%
Armenia,ARM,"Personal remittances, received (% of GDP)",BX.TRF.PWKR.DT.GD.ZS,,,,,,,,,,,,,,,,,,,,,,,,,,,,,,,,,,,,486%,963%,1397%,880%,990%,953%,988%,1110%,1196%,2202%,1868%,1831%,1786%,1633%,1665%,1803%,1773%,1803%,1971%,1790%,1413%,1311%,1335%,1197%
American Samoa,ASM,"Personal remittances, received (% of GDP)",BX.TRF.PWKR.DT.GD.ZS,,,,,,,,,,,,,,,,,,,,,,,,,,,,,,,,,,,,,,,,,,,,,,,,,,,,,,,,,,,
Antigua and Barbuda,ATG,"Personal remittances, received (% of GDP)",BX.TRF.PWKR.DT.GD.ZS,,,,,,,,,,,,,,,,,,,,,,,,,,,385%,348%,309%,301%,273%,63%,54%,217%,203%,58%,141%,140%,258%,240%,209%,296%,175%,191%,191%,179%,167%,158%,160%,169%,175%,178%,172%,177%,191%,230%,182%,218%,216%
Australia,AUS,"Personal remittances, received (% of GDP)",BX.TRF.PWKR.DT.GD.ZS,,,,,,,,,,,44%,39%,44%,44%,35%,29%,29%,30%,35%,37%,42%,42%,40%,51%,49%,56%,58%,74%,80%,80%,76%,76%,59%,35%,40%,12%,13%,12%,13%,14%,12%,13%,12%,14%,13%,14%,14%,16%,14%,14%,16%,18%,16%,15%,16%,16%,17%,15%,13%
Austria,AUT,"Personal remittances, received (% of GDP)",BX.TRF.PWKR.DT.GD.ZS,,,,,,,,,,,11%,14%,16%,18%,23%,22%,25%,23%,25%,27%,30%,32%,31%,30%,29%,29%,31%,32%,34%,35%,38%,44%,42%,40%,42%,42%,41%,43%,65%,83%,92%,90%,93%,95%,84%,73%,75%,75%,74%,77%,76%,75%,74%,76%,73%,75%,74%,72%,70%
Azerbaijan,AZE,"Personal remittances, received (% of GDP)",BX.TRF.PWKR.DT.GD.ZS,,,,,,,,,,,,,,,,,,,,,,,,,,,,,,,,,,,,10%,13%,13%,14%,119%,108%,182%,262%,214%,235%,471%,377%,384%,311%,283%,267%,287%,286%,234%,245%,239%,170%,277%,261%
Burundi,BDI,"Personal remittances, received (% of GDP)",BX.TRF.PWKR.DT.GD.ZS,,,,,,,,,,,,,,,,,,,,,,,,,,,,,,,,,,,,,,,,,,,,,0%,1%,0%,1%,23%,158%,170%,203%,199%,198%,208%,164%,106%,106%,117%
Belgium,BEL,"Personal remittances, received (% of GDP)",BX.TRF.PWKR.DT.GD.ZS,,,,,,,,,,,,,,,,100%,92%,91%,94%,89%,89%,90%,90%,97%,93%,94%,91%,85%,88%,166%,174%,188%,190%,203%,187%,170%,176%,170%,161%,172%,168%,165%,175%,181%,177%,178%,177%,191%,202%,220%,214%,210%,213%,215%,215%,219%,218%,215%,216%
Benin,BEN,"Personal remittances, received (% of GDP)",BX.TRF.PWKR.DT.GD.ZS,,,,,,,,,,,,,,,133%,260%,401%,522%,605%,615%,548%,480%,291%,400%,400%,385%,380%,385%,439%,608%,516%,594%,804%,479%,560%,456%,360%,309%,363%,279%,333%,310%,248%,142%,139%,306%,380%,403%,290%,177%,200%,220%,255%,272%,313%,259%,258%,211%,355%
Burkina Faso,BFA,"Personal remittances, received (% of GDP)",BX.TRF.PWKR.DT.GD.ZS,,,,,,,,,,,,,,,478%,507%,522%,532%,529%,627%,780%,864%,629%,707%,618%,811%,941%,731%,715%,594%,450%,360%,575%,503%,424%,329%,294%,302%,256%,232%,256%,177%,183%,128%,92%,104%,117%,125%,119%,115%,134%,206%,188%,258%,320%,369%,365%,337%,303%
Bangladesh,BGD,"Personal remittances, received (% of GDP)",BX.TRF.PWKR.DT.GD.ZS,,,,,,,,,,,,,,,,,19%,82%,87%,110%,187%,188%,284%,365%,265%,226%,265%,308%,287%,263%,246%,249%,288%,304%,341%,317%,290%,316%,321%,352%,369%,390%,522%,531%,550%,669%,756%,824%,976%,1027%,941%,938%,1059%,925%,867%,784%,613%,541%,565%
Bulgaria,BGR,"Personal remittances, received (% of GDP)",BX.TRF.PWKR.DT.GD.ZS,,,,,,,,,,,,,,,,,,,,,,,,,,,,,,,,,,,,,34%,45%,34%,31%,44%,587%,723%,819%,664%,544%,503%,381%,353%,307%,263%,258%,269%,300%,297%,298%,313%,377%,368%
Bahrain,BHR,"Personal remittances, received (% of GDP)",BX.TRF.PWKR.DT.GD.ZS,,,,,,,,,,,,,,,,,,,,,,,,,,,,,,,,,,,,,,,,,,,,,,,,,,,,,,,,,,,
"Bahamas, The",BHS,"Personal remittances, received (% of GDP)",BX.TRF.PWKR.DT.GD.ZS,,,,,,,,,,,,,,,,,,,,,,,,,,,,,,,,,,,,,,,,,,,,,,,,,,,,,,,,,,,
Bosnia and Herzegovina,BIH,"Personal remittances, received (% of GDP)",BX.TRF.PWKR.DT.GD.ZS,,,,,,,,,,,,,,,,,,,,,,,,,,,,,,,,,,,,,,,4820%,3997%,2871%,2609%,2249%,2077%,1938%,1816%,1670%,1703%,1422%,1208%,1061%,1050%,1071%,1077%,1135%,1111%,1091%,1115%,1071%
Belarus,BLR,"Personal remittances, received (% of GDP)",BX.TRF.PWKR.DT.GD.ZS,,,,,,,,,,,,,,,,,,,,,,,,,,,,,,,,,,0%,0%,20%,63%,33%,35%,51%,90%,54%,55%,92%,103%,66%,73%,64%,96%,99%,98%,144%,160%,161%,156%,165%,205%,229%,201%
Belize,BLZ,"Personal remittances, received (% of GDP)",BX.TRF.PWKR.DT.GD.ZS,,,,,,,,,,,,,,,,,,,,,,,,,828%,990%,1053%,688%,530%,595%,448%,351%,381%,295%,223%,224%,269%,347%,340%,333%,299%,326%,288%,325%,318%,401%,524%,567%,559%,589%,559%,507%,486%,463%,475%,481%,535%,484%,481%
Bermuda,BMU,"Personal remittances, received (% of GDP)",BX.TRF.PWKR.DT.GD.ZS,,,,,,,,,,,,,,,,,,,,,,,,,,,,,,,,,,,,,,,,,,,,,,,2184%,2460%,2276%,2318%,2196%,2117%,2150%,2198%,,,,,
Bolivia,BOL,"Personal remittances, received (% of GDP)",BX.TRF.PWKR.DT.GD.ZS,,,,,,,,,,,,,,,,,5%,6%,5%,2%,3%,8%,5%,9%,9%,11%,20%,20%,10%,18%,9%,6%,7%,7%,8%,8%,14%,107%,104%,116%,151%,166%,143%,196%,240%,353%,527%,804%,681%,610%,489%,435%,410%,392%,357%,361%,367%,375%,345%
Brazil,BRA,"Personal remittances, received (% of GDP)",BX.TRF.PWKR.DT.GD.ZS,,,,,,,,,,,,,,,,7%,5%,3%,6%,3%,5%,5%,2%,1%,2%,2%,1%,1%,1%,3%,12%,18%,45%,28%,37%,38%,24%,18%,14%,25%,21%,26%,39%,41%,42%,31%,30%,24%,21%,17%,14%,12%,11%,11%,11%,16%,15%,13%,16%
Barbados,BRB,"Personal remittances, received (% of GDP)",BX.TRF.PWKR.DT.GD.ZS,,,,,,,,,,,,,,,261%,229%,221%,202%,212%,212%,106%,117%,91%,80%,91%,68%,82%,195%,207%,188%,187%,225%,279%,271%,266%,269%,282%,302%,302%,328%,363%,417%,395%,398%,371%,242%,209%,297%,212%,256%,181%,316%,260%,235%,235%,236%,239%,232%,
Brunei Darussalam,BRN,"Personal remittances, received (% of GDP)",BX.TRF.PWKR.DT.GD.ZS,,,,,,,,,,,,,,,,,,,,,,,,,,,,,,,,,,,,,,,,,,,,,,,,,,,,,,,,,,,
Bhutan,BTN,"Personal remittances, received (% of GDP)",BX.TRF.PWKR.DT.GD.ZS,,,,,,,,,,,,,,,,,,,,,,,,,,,,,,,,,,,,,,,,,,,,,,,25%,25%,28%,38%,52%,57%,99%,66%,72%,95%,155%,171%,229%
Botswana,BWA,"Personal remittances, received (% of GDP)",BX.TRF.PWKR.DT.GD.ZS,,,,,,,,,,,,,,,,1215%,1651%,1525%,974%,711%,729%,694%,556%,477%,403%,281%,267%,276%,207%,160%,226%,212%,227%,179%,164%,117%,89%,82%,76%,48%,32%,33%,35%,36%,88%,119%,103%,84%,43%,15%,17%,13%,13%,24%,28%,21%,16%,21%,18%
Central African Republic,CAF,"Personal remittances, received (% of GDP)",BX.TRF.PWKR.DT.GD.ZS,,,,,,,,,,,,,,,,,,39%,16%,,0%,0%,0%,0%,0%,0%,0%,0%,0%,0%,1%,1%,1%,1%,,,,,,,,,,,,,,,,,,,,,,,,,
Canada,CAN,"Personal remittances, received (% of GDP)",BX.TRF.PWKR.DT.GD.ZS,,,,,,,,,,,,,,,,,,,,,,,,,,,,,,,,,,,,8%,9%,8%,8%,10%,7%,8%,8%,8%,8%,8%,8%,8%,8%,9%,7%,7%,7%,7%,7%,8%,8%,8%,8%
Central Europe and the Baltics,CEB,"Personal remittances, received (% of GDP)",BX.TRF.PWKR.DT.GD.ZS,,,,,,,,,,,,,,,,,,,,,,,,,,,,,,,,,,,48%,52%,50%,51%,58%,53%,82%,96%,97%,113%,170%,189%,201%,191%,171%,159%,153%,154%,162%,195%,198%,205%,210%,206%,197%
Switzerland,CHE,"Personal remittances, received (% of GDP)",BX.TRF.PWKR.DT.GD.ZS,,,,,,,,,,,,,,,,,,57%,54%,53%,51%,41%,47%,50%,47%,46%,42%,40%,39%,37%,36%,38%,38%,40%,41%,43%,42%,42%,42%,42%,37%,42%,41%,43%,43%,42%,42%,37%,40%,43%,43%,37%,36%,35%,34%,37%,38%,36%,35%
Channel Islands,CHI,"Personal remittances, received (% of GDP)",BX.TRF.PWKR.DT.GD.ZS,,,,,,,,,,,,,,,,,,,,,,,,,,,,,,,,,,,,,,,,,,,,,,,,,,,,,,,,,,,
Chile,CHL,"Personal remittances, received (% of GDP)",BX.TRF.PWKR.DT.GD.ZS,,,,,,,,,,,,,,,,,,,,,,,,0%,1%,1%,0%,0%,0%,0%,0%,,,,,,,,,,2%,2%,2%,2%,1%,1%,,,,3%,3%,3%,3%,3%,2%,2%,3%,2%,2%
China,CHN,"Personal remittances, received (% of GDP)",BX.TRF.PWKR.DT.GD.ZS,,,,,,,,,,,,,,,,,,,,,,,30%,23%,16%,9%,15%,8%,10%,5%,5%,10%,15%,14%,15%,5%,19%,48%,3%,5%,6%,9%,16%,28%,34%,15%,16%,19%,20%,18%,22%,22%,20%,19%,29%,40%,32%,24%,18%
Cote d'Ivoire,CIV,"Personal remittances, received (% of GDP)",BX.TRF.PWKR.DT.GD.ZS,,,,,,,,,,,,,,,,31%,31%,25%,28%,31%,32%,37%,38%,40%,36%,34%,39%,43%,42%,36%,41%,40%,44%,52%,133%,137%,121%,116%,113%,111%,111%,104%,97%,93%,96%,96%,94%,91%,82%,130%,150%,156%,137%,123%,109%,101%,97%,90%,84%
Cameroon,CMR,"Personal remittances, received (% of GDP)",BX.TRF.PWKR.DT.GD.ZS,,,,,,,,,,,,,,,,,,,,6%,44%,38%,26%,38%,19%,15%,22%,10%,10%,29%,21%,6%,22%,13%,11%,12%,13%,13%,21%,14%,22%,16%,25%,52%,59%,43%,67%,75%,61%,71%,44%,75%,72%,75%,81%,78%,82%,91%,90%
"Congo, Dem. Rep.",COD,"Personal remittances, received (% of GDP)",BX.TRF.PWKR.DT.GD.ZS,,,,,,,,,,,,,,,,,,,,,,,,,,,,,,,,,,,,,,,,,,,,,,7%,9%,5%,7%,10%,7%,436%,292%,306%,211%,308%,160%,335%,298%
"Congo, Rep.",COG,"Personal remittances, received (% of GDP)",BX.TRF.PWKR.DT.GD.ZS,,,,,,,,,,,,,,,,,,,28%,26%,19%,13%,10%,8%,5%,3%,0%,0%,20%,18%,16%,16%,15%,22%,24%,20%,31%,20%,10%,50%,32%,43%,4%,35%,32%,19%,17%,20%,18%,35%,28%,43%,50%,51%,29%,35%,9%,,
Colombia,COL,"Personal remittances, received (% of GDP)",BX.TRF.PWKR.DT.GD.ZS,,,,,,,,,,,36%,28%,26%,29%,29%,18%,33%,42%,33%,36%,32%,44%,22%,19%,20%,32%,119%,172%,117%,118%,103%,179%,110%,70%,119%,88%,78%,73%,82%,152%,161%,209%,253%,325%,272%,230%,242%,217%,200%,177%,141%,123%,108%,117%,109%,159%,173%,177%,193%
Comoros,COM,"Personal remittances, received (% of GDP)",BX.TRF.PWKR.DT.GD.ZS,,,,,,,,,,,,,,,,,,,,,76%,62%,129%,96%,116%,215%,171%,202%,207%,231%,231%,238%,350%,354%,477%,307%,,,,,,,,586%,769%,827%,905%,931%,1107%,1109%,961%,1057%,1085%,1039%,1097%,1303%,1275%,1237%,1185%
Cabo Verde,CPV,"Personal remittances, received (% of GDP)",BX.TRF.PWKR.DT.GD.ZS,,,,,,,,,,,,,,,,,,,,,2817%,2266%,1838%,1484%,1562%,1507%,1446%,1548%,1617%,1784%,1927%,1950%,2128%,1560%,2102%,2173%,1999%,1558%,1413%,1346%,1665%,1438%,1369%,1332%,1227%,1406%,1233%,917%,866%,792%,787%,948%,1010%,951%,1059%,1258%,1225%,1298%,1303%
Costa Rica,CRI,"Personal remittances, received (% of GDP)",BX.TRF.PWKR.DT.GD.ZS,,,,,,,,,,,,,,,,,,7%,8%,7%,8%,9%,21%,17%,17%,18%,17%,17%,20%,19%,21%,19%,17%,17%,16%,107%,113%,104%,94%,89%,91%,125%,152%,187%,172%,211%,227%,231%,198%,168%,142%,123%,121%,120%,117%,101%,95%,96%,89%
Caribbean small states,CSS,"Personal remittances, received (% of GDP)",BX.TRF.PWKR.DT.GD.ZS,,,,,,,,,,,,,,,,,169%,131%,123%,140%,118%,115%,100%,82%,100%,169%,202%,218%,234%,276%,267%,202%,225%,270%,438%,450%,451%,441%,442%,453%,462%,520%,592%,614%,637%,601%,573%,575%,491%,545%,531%,528%,527%,493%,510%,543%,591%,579%,589%
Cuba,CUB,"Personal remittances, received (% of GDP)",BX.TRF.PWKR.DT.GD.ZS,,,,,,,,,,,,,,,,,,,,,,,,,,,,,,,,,,,,,,,,,,,,,,,,,,,,,,,,,,,
Curacao,CUW,"Personal remittances, received (% of GDP)",BX.TRF.PWKR.DT.GD.ZS,,,,,,,,,,,,,,,,,,,,,,,,,,,,,,,,,,,,,,,,,,,,,,,,,,,,494%,434%,423%,454%,452%,475%,514%,
Cayman Islands,CYM,"Personal remittances, received (% of GDP)",BX.TRF.PWKR.DT.GD.ZS,,,,,,,,,,,,,,,,,,,,,,,,,,,,,,,,,,,,,,,,,,,,,,,,,,,,,,,,,,,
Cyprus,CYP,"Personal remittances, received (% of GDP)",BX.TRF.PWKR.DT.GD.ZS,,,,,,,,,,,,,,,,,550%,694%,711%,593%,437%,398%,369%,362%,323%,294%,185%,172%,167%,151%,141%,114%,117%,120%,109%,49%,49%,50%,47%,47%,45%,75%,18%,22%,45%,57%,52%,59%,350%,229%,337%,270%,222%,156%,114%,129%,167%,171%,183%
Czech Republic,CZE,"Personal remittances, received (% of GDP)",BX.TRF.PWKR.DT.GD.ZS,,,,,,,,,,,,,,,,,,,,,,,,,,,,,,,,,,34%,34%,32%,16%,12%,52%,48%,48%,38%,41%,50%,103%,98%,103%,97%,48%,58%,59%,61%,68%,83%,126%,143%,160%,166%,160%
Germany,DEU,"Personal remittances, received (% of GDP)",BX.TRF.PWKR.DT.GD.ZS,,,,,,,,,,,,8%,8%,8%,8%,9%,9%,9%,10%,10%,25%,27%,29%,28%,27%,28%,27%,28%,27%,27%,28%,26%,23%,21%,20%,17%,17%,17%,17%,17%,18%,20%,22%,23%,23%,24%,25%,28%,29%,36%,37%,41%,41%,44%,44%,46%,46%,45%,45%
Djibouti,DJI,"Personal remittances, received (% of GDP)",BX.TRF.PWKR.DT.GD.ZS,,,,,,,,,,,,,,,,,,,,,,,,,,,,,,,,284%,274%,408%,276%,239%,222%,228%,232%,216%,223%,209%,253%,397%,371%,365%,370%,338%,304%,309%,289%,261%,246%,269%,244%,387%,329%,320%,322%
Dominica,DMA,"Personal remittances, received (% of GDP)",BX.TRF.PWKR.DT.GD.ZS,,,,,,,,,,,,,,,,,,698%,1015%,1581%,1181%,1035%,838%,953%,989%,929%,570%,776%,942%,722%,691%,226%,221%,559%,503%,395%,380%,377%,374%,391%,406%,422%,434%,431%,546%,598%,566%,534%,495%,453%,464%,456%,478%,469%,964%,1034%,765%,889%,922%
Denmark,DNK,"Personal remittances, received (% of GDP)",BX.TRF.PWKR.DT.GD.ZS,,,,,,,,,,,,,,,,,,,,,,,,,,,,,,,,,30%,31%,28%,28%,37%,49%,43%,45%,41%,42%,44%,43%,43%,25%,26%,26%,30%,32%,29%,33%,36%,40%,42%,42%,40%,40%,39%
Dominican Republic,DOM,"Personal remittances, received (% of GDP)",BX.TRF.PWKR.DT.GD.ZS,,,,,,,,,,,169%,87%,121%,102%,92%,78%,283%,269%,278%,293%,271%,242%,230%,211%,177%,480%,368%,469%,537%,449%,445%,338%,305%,580%,544%,506%,528%,571%,649%,737%,757%,774%,802%,1074%,1102%,753%,801%,769%,747%,706%,720%,734%,703%,716%,728%,755%,761%,814%,838%
Algeria,DZA,"Personal remittances, received (% of GDP)",BX.TRF.PWKR.DT.GD.ZS,,,,,,,,,,,434%,469%,336%,258%,153%,171%,144%,166%,149%,125%,96%,101%,112%,80%,61%,54%,56%,73%,64%,62%,57%,282%,290%,228%,328%,268%,187%,220%,220%,162%,144%,122%,189%,258%,288%,16%,16%,7%,6%,11%,12%,10%,10%,10%,115%,120%,124%,107%,107%
East Asia & Pacific (excluding high income),EAP,"Personal remittances, received (% of GDP)",BX.TRF.PWKR.DT.GD.ZS,,,,,,,,,,,,,,,,,,,,,,,83%,66%,50%,45%,49%,50%,52%,48%,48%,52%,52%,58%,61%,65%,64%,93%,59%,67%,73%,77%,86%,92%,95%,93%,88%,84%,77%,74%,73%,66%,64%,63%,72%,82%,76%,68%,62%
Early-demographic dividend,EAR,"Personal remittances, received (% of GDP)",BX.TRF.PWKR.DT.GD.ZS,,,,,,,,,,,,,,,,,,,,156%,,,,178%,171%,148%,142%,156%,141%,154%,150%,147%,160%,152%,157%,165%,159%,173%,176%,178%,177%,196%,230%,253%,236%,227%,236%,234%,242%,243%,220%,223%,238%,241%,247%,269%,258%,259%,291%
East Asia & Pacific,EAS,"Personal remittances, received (% of GDP)",BX.TRF.PWKR.DT.GD.ZS,,,,,,,,,,,,,,,,,,11%,11%,13%,19%,20%,26%,25%,22%,,,,,,,20%,19%,17%,19%,19%,22%,29%,23%,22%,24%,29%,33%,36%,37%,37%,39%,42%,42%,41%,42%,40%,40%,43%,50%,58%,53%,49%,46%
Europe & Central Asia (excluding high income),ECA,"Personal remittances, received (% of GDP)",BX.TRF.PWKR.DT.GD.ZS,,,,,,,,,,,,,,,401%,294%,191%,167%,151%,189%,301%,351%,332%,245%,301%,255%,216%,,,,,,,,131%,64%,65%,74%,128%,141%,130%,132%,118%,101%,106%,110%,112%,129%,128%,139%,122%,115%,116%,128%,130%,141%,146%,152%,164%
Europe & Central Asia,ECS,"Personal remittances, received (% of GDP)",BX.TRF.PWKR.DT.GD.ZS,,,,,,,,,,,,,,,,48%,45%,52%,53%,55%,58%,61%,61%,56%,57%,55%,50%,44%,44%,47%,45%,43%,42%,43%,43%,36%,36%,42%,45%,43%,45%,45%,45%,45%,48%,50%,53%,58%,61%,64%,63%,64%,67%,71%,71%,74%,74%,74%,75%
Ecuador,ECU,"Personal remittances, received (% of GDP)",BX.TRF.PWKR.DT.GD.ZS,,,,,,,,,,,,,,,,,4%,,,,,,,,,,2%,2%,2%,1%,33%,33%,41%,107%,122%,158%,194%,230%,285%,555%,721%,581%,504%,504%,502%,593%,627%,655%,500%,439%,374%,338%,282%,258%,243%,240%,261%,273%,280%
"Egypt, Arab Rep.",EGY,"Personal remittances, received (% of GDP)",BX.TRF.PWKR.DT.GD.ZS,,,,,,,,,,,,,,,,,,644%,1197%,1228%,1244%,985%,882%,1184%,1166%,822%,607%,891%,1078%,828%,997%,1084%,1458%,1216%,708%,536%,459%,471%,397%,357%,286%,298%,329%,357%,424%,559%,496%,587%,534%,378%,569%,607%,689%,618%,641%,551%,558%,1051%,1153%
Euro area,EMU,"Personal remittances, received (% of GDP)",BX.TRF.PWKR.DT.GD.ZS,,,,,,,,,,,,,,,,44%,44%,51%,53%,54%,56%,58%,59%,55%,55%,53%,50%,48%,49%,51%,48%,46%,44%,46%,42%,39%,38%,47%,47%,38%,39%,40%,41%,41%,41%,42%,43%,45%,49%,52%,54%,56%,59%,62%,62%,66%,65%,64%,63%
Eritrea,ERI,"Personal remittances, received (% of GDP)",BX.TRF.PWKR.DT.GD.ZS,,,,,,,,,,,,,,,,,,,,,,,,,,,,,,,,,,,,,,,36%,53%,47%,,,,,,,,,,,,,,,,,,
Spain,ESP,"Personal remittances, received (% of GDP)",BX.TRF.PWKR.DT.GD.ZS,,,,,,,,,,,,,,,,123%,117%,111%,108%,89%,94%,90%,81%,79%,71%,68%,57%,50%,48%,45%,41%,37%,42%,44%,50%,45%,46%,49%,53%,10%,11%,11%,11%,10%,9%,10%,10%,11%,11%,10%,11%,11%,16%,22%,22%,22%,21%,23%,24%
Estonia,EST,"Personal remittances, received (% of GDP)",BX.TRF.PWKR.DT.GD.ZS,,,,,,,,,,,,,,,,,,,,,,,,,,,,,,,,,,,7%,3%,4%,3%,5%,4%,7%,18%,26%,52%,138%,189%,237%,185%,150%,173%,183%,189%,200%,226%,204%,200%,203%,190%,187%
Ethiopia,ETH,"Personal remittances, received (% of GDP)",BX.TRF.PWKR.DT.GD.ZS,,,,,,,,,,,,,,,,,,,,,,14%,13%,13%,14%,15%,14%,8%,10%,6%,4%,7%,14%,21%,36%,36%,19%,11%,35%,44%,64%,22%,42%,54%,132%,140%,113%,182%,143%,81%,115%,161%,216%,175%,323%,169%,104%,48%,49%
European Union,EUU,"Personal remittances, received (% of GDP)",BX.TRF.PWKR.DT.GD.ZS,,,,,,,,,,,,,,,,41%,42%,49%,51%,52%,54%,56%,56%,53%,52%,51%,48%,42%,42%,44%,42%,41%,39%,41%,38%,34%,34%,40%,40%,37%,39%,40%,41%,42%,44%,46%,48%,50%,52%,54%,55%,56%,58%,63%,63%,65%,66%,66%,64%
Fragile and conflict affected situations,FCS,"Personal remittances, received (% of GDP)",BX.TRF.PWKR.DT.GD.ZS,,,,,,,,,,,,,,,,,,,,,,,,,,,,,,,,,,,,,,,,,316%,342%,533%,658%,664%,415%,359%,386%,369%,411%,363%,333%,342%,361%,341%,406%,434%,401%,416%
Finland,FIN,"Personal remittances, received (% of GDP)",BX.TRF.PWKR.DT.GD.ZS,,,,,,,,,,,,,,,,6%,7%,14%,18%,21%,20%,18%,20%,19%,9%,9%,10%,8%,10%,6%,4%,8%,9%,9%,6%,6%,11%,19%,28%,33%,38%,38%,34%,31%,34%,34%,33%,32%,34%,34%,36%,28%,34%,36%,33%,37%,36%,35%,34%
Fiji,FJI,"Personal remittances, received (% of GDP)",BX.TRF.PWKR.DT.GD.ZS,,,,,,,,,,,,,,,,,,,,35%,41%,75%,68%,71%,90%,242%,231%,229%,204%,194%,164%,139%,148%,160%,162%,166%,157%,165%,156%,119%,257%,467%,539%,534%,633%,676%,659%,538%,416%,597%,559%,425%,480%,486%,455%,536%,546%,520%,520%
France,FRA,"Personal remittances, received (% of GDP)",BX.TRF.PWKR.DT.GD.ZS,,,,,,,,,,,,,,,,17%,18%,31%,31%,31%,21%,21%,23%,23%,24%,25%,26%,26%,34%,31%,32%,36%,37%,38%,28%,28%,27%,67%,67%,63%,65%,67%,71%,66%,63%,65%,67%,66%,69%,73%,75%,80%,84%,87%,89%,99%,97%,96%,95%
Faroe Islands,FRO,"Personal remittances, received (% of GDP)",BX.TRF.PWKR.DT.GD.ZS,,,,,,,,,,,,,,,,,,,,,,,,,,,,,,,,,,,,,,,438%,447%,406%,340%,315%,297%,292%,465%,449%,477%,561%,612%,631%,636%,669%,603%,556%,629%,589%,,
"Micronesia, Fed. Sts.",FSM,"Personal remittances, received (% of GDP)",BX.TRF.PWKR.DT.GD.ZS,,,,,,,,,,,,,,,,,,,,,,,,,,,,,,,,,,,,,,,,,,,,,,,,,,620%,609%,626%,638%,698%,734%,740%,707%,694%,705%
Gabon,GAB,"Personal remittances, received (% of GDP)",BX.TRF.PWKR.DT.GD.ZS,,,,,,,,,,,,,,,,,,,0%,0%,0%,0%,0%,1%,0%,0%,1%,1%,0%,0%,1%,3%,4%,7%,9%,9%,10%,12%,12%,9%,12%,11%,5%,9%,9%,12%,,12%,13%,11%,27%,12%,13%,9%,16%,13%,,,
United Kingdom,GBR,"Personal remittances, received (% of GDP)",BX.TRF.PWKR.DT.GD.ZS,,,,,,,,,,,,,,,,,,,,,,,,,,,,18%,18%,18%,19%,18%,17%,17%,17%,10%,10%,11%,8%,33%,31%,30%,30%,28%,25%,24%,23%,21%,21%,22%,20%,19%,18%,17%,16%,17%,17%,16%,16%
Georgia,GEO,"Personal remittances, received (% of GDP)",BX.TRF.PWKR.DT.GD.ZS,,,,,,,,,,,,,,,,,,,,,,,,,,,,,,,,,,,,,,809%,1032%,1289%,674%,679%,667%,622%,700%,696%,810%,868%,832%,1032%,1017%,1072%,1117%,1205%,1203%,1042%,1058%,1190%,1255%
Ghana,GHA,"Personal remittances, received (% of GDP)",BX.TRF.PWKR.DT.GD.ZS,,,,,,,,,,,,,,,,,,,,3%,2%,3%,4%,1%,11%,9%,1%,1%,12%,11%,10%,9%,11%,17%,29%,27%,40%,38%,39%,40%,65%,86%,71%,85%,93%,92%,52%,47%,44%,44%,42%,540%,514%,295%,375%,1013%,542%,599%,580%
Gibraltar,GIB,"Personal remittances, received (% of GDP)",BX.TRF.PWKR.DT.GD.ZS,,,,,,,,,,,,,,,,,,,,,,,,,,,,,,,,,,,,,,,,,,,,,,,,,,,,,,,,,,,
Guinea,GIN,"Personal remittances, received (% of GDP)",BX.TRF.PWKR.DT.GD.ZS,,,,,,,,,,,,,,,,,,,,,,,,,,,0%,0%,112%,92%,67%,45%,28%,15%,1%,2%,3%,4%,14%,17%,4%,31%,51%,322%,114%,142%,70%,24%,88%,77%,67%,95%,87%,111%,138%,148%,61%,44%,44%
"Gambia, The",GMB,"Personal remittances, received (% of GDP)",BX.TRF.PWKR.DT.GD.ZS,,,,,,,,,,,,,,,,,,,20%,24%,16%,13%,9%,33%,,,,,,,,,,,,,,,,,,,,1110%,1050%,950%,974%,697%,671%,886%,1216%,1017%,1169%,803%,1094%,975%,1438%,1532%,1508%
Guinea-Bissau,GNB,"Personal remittances, received (% of GDP)",BX.TRF.PWKR.DT.GD.ZS,,,,,,,,,,,,,,,,,,,,,,,,,,,,,91%,56%,41%,45%,59%,63%,71%,72%,74%,74%,194%,268%,217%,256%,424%,485%,522%,339%,431%,618%,572%,591%,540%,474%,461%,610%,877%,811%,479%,779%,182%
Equatorial Guinea,GNQ,"Personal remittances, received (% of GDP)",BX.TRF.PWKR.DT.GD.ZS,,,,,,,,,,,,,,,,,,,,,,,,,,,,,,,,,98%,67%,50%,7%,7%,,,,,,,,,,,,,,,,,,,,,,
Greece,GRC,"Personal remittances, received (% of GDP)",BX.TRF.PWKR.DT.GD.ZS,,,,,,,,,,,,,,,,,258%,260%,223%,217%,197%,223%,209%,195%,197%,169%,172%,214%,228%,175%,186%,207%,218%,244%,248%,240%,211%,214%,185%,160%,169%,148%,108%,77%,52%,49%,56%,78%,76%,61%,50%,41%,28%,34%,31%,26%,21%,20%,22%
Grenada,GRD,"Personal remittances, received (% of GDP)",BX.TRF.PWKR.DT.GD.ZS,,,,,,,,,,,,,,,,,,,,,,,,,,,894%,1039%,995%,630%,646%,275%,277%,593%,805%,580%,571%,549%,495%,480%,466%,467%,458%,428%,803%,386%,407%,377%,349%,359%,369%,372%,366%,352%,449%,434%,422%,407%,400%
Greenland,GRL,"Personal remittances, received (% of GDP)",BX.TRF.PWKR.DT.GD.ZS,,,,,,,,,,,,,,,,,,,,,,,,,,,,,,,,,,,,,,,,,,,,,,,,,,,,,,,,,,,
Guatemala,GTM,"Personal remittances, received (% of GDP)",BX.TRF.PWKR.DT.GD.ZS,,,,,,,,,,,,,,,,,,26%,36%,34%,33%,28%,12%,4%,4%,1%,1%,0%,58%,101%,155%,190%,221%,211%,219%,244%,239%,229%,235%,254%,309%,339%,770%,980%,1096%,1127%,1224%,1242%,1140%,1065%,1024%,949%,998%,999%,994%,1031%,1088%,1117%,1210%
Guam,GUM,"Personal remittances, received (% of GDP)",BX.TRF.PWKR.DT.GD.ZS,,,,,,,,,,,,,,,,,,,,,,,,,,,,,,,,,,,,,,,,,,,,,,,,,,,,,,,,,,,
Guyana,GUY,"Personal remittances, received (% of GDP)",BX.TRF.PWKR.DT.GD.ZS,,,,,,,,,,,,,,,,,,,,,,,48%,24%,60%,,,,,,,,27%,27%,25%,27%,207%,200%,195%,295%,383%,313%,702%,1336%,1942%,2440%,1495%,1600%,1429%,1271%,1618%,1600%,1640%,1098%,1071%,947%,768%,757%,791%
High income,HIC,"Personal remittances, received (% of GDP)",BX.TRF.PWKR.DT.GD.ZS,,,,,,,,,,,,,,,,,,21%,23%,24%,26%,24%,23%,21%,19%,22%,25%,26%,27%,27%,27%,22%,22%,20%,20%,18%,18%,20%,20%,18%,18%,19%,20%,21%,22%,22%,23%,25%,27%,27%,26%,27%,27%,28%,28%,28%,28%,27%,27%
"Hong Kong SAR, China",HKG,"Personal remittances, received (% of GDP)",BX.TRF.PWKR.DT.GD.ZS,,,,,,,,,,,,,,,,,,,,,,,,,,,,,,,,,,,,,,,9%,8%,8%,9%,7%,7%,14%,16%,15%,15%,16%,16%,15%,14%,14%,13%,13%,13%,12%,13%,12%
Honduras,HND,"Personal remittances, received (% of GDP)",BX.TRF.PWKR.DT.GD.ZS,,,,,,,,,,,,,,,8%,7%,6%,6%,4%,4%,4%,4%,4%,4%,4%,4%,4%,54%,71%,89%,128%,178%,227%,129%,192%,232%,302%,331%,353%,512%,668%,807%,1031%,1063%,1333%,1866%,2175%,2129%,2046%,1710%,1664%,1598%,1587%,1686%,1718%,1761%,1792%,1884%,2007%
Heavily indebted poor countries (HIPC),HPC,"Personal remittances, received (% of GDP)",BX.TRF.PWKR.DT.GD.ZS,,,,,,,,,,,,,,,,,,,,,136%,136%,88%,112%,103%,103%,88%,90%,107%,129%,88%,83%,113%,94%,105%,130%,119%,137%,184%,216%,251%,284%,323%,333%,349%,322%,331%,345%,328%,307%,315%,361%,347%,321%,331%,374%,337%,342%,383%
Croatia,HRV,"Personal remittances, received (% of GDP)",BX.TRF.PWKR.DT.GD.ZS,,,,,,,,,,,,,,,,,,,,,,,,,,,,,,,,,,,,243%,274%,249%,236%,226%,375%,398%,407%,381%,375%,344%,320%,308%,293%,301%,317%,335%,369%,374%,373%,425%,424%,450%,474%
Haiti,HTI,"Personal remittances, received (% of GDP)",BX.TRF.PWKR.DT.GD.ZS,,,,,,,,,,,,493%,607%,483%,383%,869%,850%,792%,780%,785%,769%,856%,658%,554%,496%,477%,455%,553%,475%,449%,,,,,,,,,879%,1016%,1462%,1734%,1946%,2740%,2633%,2288%,2235%,2077%,2092%,2089%,2225%,2064%,2043%,2107%,2253%,2517%,2957%,3237%,3092%
Hungary,HUN,"Personal remittances, received (% of GDP)",BX.TRF.PWKR.DT.GD.ZS,,,,,,,,,,,,,,,,,,,,,,,,,,,,,,,,,,,,30%,33%,41%,39%,37%,47%,45%,34%,29%,161%,169%,180%,165%,160%,134%,158%,198%,276%,340%,340%,376%,387%,347%,312%
IBRD only,IBD,"Personal remittances, received (% of GDP)",BX.TRF.PWKR.DT.GD.ZS,,,,,,,,,,,,,,,,,,,,98%,,,106%,108%,105%,91%,90%,99%,90%,90%,91%,93%,109%,105%,103%,94%,91%,102%,102%,112%,114%,126%,143%,162%,156%,150%,151%,147%,139%,133%,120%,112%,112%,112%,117%,130%,126%,123%,126%
IDA & IBRD total,IBT,"Personal remittances, received (% of GDP)",BX.TRF.PWKR.DT.GD.ZS,,,,,,,,,,,,,,,,,,,,115%,135%,117%,119%,127%,121%,106%,105%,114%,103%,104%,107%,105%,122%,118%,115%,104%,99%,111%,111%,123%,124%,136%,158%,177%,173%,177%,178%,173%,165%,160%,146%,139%,140%,140%,145%,160%,154%,150%,155%
IDA total,IDA,"Personal remittances, received (% of GDP)",BX.TRF.PWKR.DT.GD.ZS,,,,,,,,,,,,,,,,,,144%,217%,215%,224%,138%,176%,238%,224%,211%,215%,224%,214%,235%,263%,223%,252%,275%,303%,258%,224%,258%,249%,277%,275%,282%,361%,373%,389%,550%,525%,523%,530%,542%,529%,547%,564%,542%,520%,543%,532%,540%,576%
IDA blend,IDB,"Personal remittances, received (% of GDP)",BX.TRF.PWKR.DT.GD.ZS,,,,,,,,,,,,,,,,,,152%,205%,178%,193%,103%,138%,203%,207%,206%,225%,200%,169%,191%,178%,141%,143%,219%,223%,168%,133%,203%,161%,202%,191%,176%,268%,260%,280%,607%,543%,528%,504%,547%,522%,523%,517%,495%,468%,487%,508%,553%,575%
Indonesia,IDN,"Personal remittances, received (% of GDP)",BX.TRF.PWKR.DT.GD.ZS,,,,,,,,,,,,,,,,,,,,,,,,1%,6%,7%,9%,11%,12%,18%,16%,11%,18%,22%,25%,32%,35%,34%,100%,79%,72%,65%,64%,63%,73%,190%,157%,143%,133%,126%,92%,78%,79%,83%,96%,112%,96%,89%,108%
IDA only,IDX,"Personal remittances, received (% of GDP)",BX.TRF.PWKR.DT.GD.ZS,,,,,,,,,,,,,,,,,,,,261%,266%,220%,258%,297%,248%,218%,205%,248%,260%,278%,349%,304%,361%,323%,378%,338%,305%,306%,321%,337%,346%,370%,444%,472%,493%,495%,504%,516%,559%,536%,536%,573%,619%,596%,579%,602%,555%,529%,576%
Isle of Man,IMN,"Personal remittances, received (% of GDP)",BX.TRF.PWKR.DT.GD.ZS,,,,,,,,,,,,,,,,,,,,,,,,,,,,,,,,,,,,,,,,,,,,,,,,,,,,,,,,,,,
India,IND,"Personal remittances, received (% of GDP)",BX.TRF.PWKR.DT.GD.ZS,,,,,,,,,,,,,,,,44%,63%,77%,85%,94%,148%,119%,130%,122%,108%,106%,90%,96%,78%,88%,74%,122%,101%,126%,179%,173%,223%,248%,225%,242%,275%,294%,306%,346%,264%,270%,301%,306%,417%,367%,319%,343%,377%,377%,345%,328%,274%,260%,288%
Not classified,INX,"Personal remittances, received (% of GDP)",BX.TRF.PWKR.DT.GD.ZS,,,,,,,,,,,,,,,,,,,,,,,,,,,,,,,,,,,,,,,,,,,,,,,,,,,,,,,,,,,
Ireland,IRL,"Personal remittances, received (% of GDP)",BX.TRF.PWKR.DT.GD.ZS,,,,,,,,,,,,,,,,,,,,,,,,,,,,,,,58%,56%,58%,57%,57%,50%,48%,38%,30%,30%,25%,22%,25%,21%,21%,24%,23%,22%,23%,24%,30%,32%,31%,30%,28%,21%,20%,18%,17%
"Iran, Islamic Rep.",IRN,"Personal remittances, received (% of GDP)",BX.TRF.PWKR.DT.GD.ZS,,,,,,,,,,,,,,,,,,,,,,,,,,,,,,,,,,235%,167%,166%,55%,35%,62%,45%,49%,54%,66%,77%,54%,46%,39%,32%,27%,26%,24%,23%,22%,28%,31%,34%,32%,29%,
Iraq,IRQ,"Personal remittances, received (% of GDP)",BX.TRF.PWKR.DT.GD.ZS,,,,,,,,,,,,,,,,,,,,,,,,,,,,,,,,,,,,,,,,,,,,,,142%,60%,0%,5%,14%,13%,12%,12%,31%,31%,57%,58%,56%,33%
Iceland,ISL,"Personal remittances, received (% of GDP)",BX.TRF.PWKR.DT.GD.ZS,,,,,,,,,,,,,,,,,8%,8%,7%,6%,4%,9%,4%,8%,24%,17%,19%,27%,37%,53%,96%,94%,90%,93%,74%,51%,45%,54%,34%,35%,40%,48%,70%,43%,44%,39%,47%,51%,67%,71%,99%,99%,104%,126%,120%,123%,98%,76%,67%
Israel,ISR,"Personal remittances, received (% of GDP)",BX.TRF.PWKR.DT.GD.ZS,,,,,,,,,,,102%,209%,217%,157%,80%,66%,47%,61%,115%,156%,174%,208%,101%,78%,87%,76%,132%,150%,108%,157%,138%,130%,154%,166%,186%,18%,14%,17%,12%,15%,14%,15%,14%,14%,22%,26%,32%,32%,29%,24%,24%,23%,27%,26%,28%,28%,30%,28%,25%
Italy,ITA,"Personal remittances, received (% of GDP)",BX.TRF.PWKR.DT.GD.ZS,,,,,,,,,,,109%,110%,107%,84%,61%,71%,63%,84%,95%,94%,84%,82%,83%,77%,75%,72%,69%,56%,54%,55%,43%,30%,23%,25%,22%,19%,19%,18%,16%,15%,16%,17%,18%,19%,20%,22%,21%,21%,31%,32%,38%,38%,44%,44%,47%,52%,51%,50%,46%
Jamaica,JAM,"Personal remittances, received (% of GDP)",BX.TRF.PWKR.DT.GD.ZS,,,,,,,,,,,,,,,,,298%,251%,261%,371%,356%,359%,337%,233%,311%,693%,405%,367%,402%,473%,498%,445%,611%,443%,963%,977%,937%,854%,846%,876%,977%,1140%,1281%,1468%,1577%,1572%,1616%,1654%,1576%,1566%,1535%,1461%,1465%,1530%,1638%,1669%,1729%,1666%,1592%
Jordan,JOR,"Personal remittances, received (% of GDP)",BX.TRF.PWKR.DT.GD.ZS,,,,,,,,,,,,,263%,474%,625%,1223%,2404%,2240%,2000%,1837%,2030%,2356%,2312%,2255%,2490%,2047%,1849%,1388%,1426%,1486%,1200%,1031%,1588%,1855%,1754%,1849%,2229%,2284%,1950%,2042%,2181%,2241%,2228%,2159%,2005%,1923%,1856%,1944%,1580%,1445%,1365%,1273%,1243%,1587%,1764%,1409%,1114%,1087%,1033%
Japan,JPN,"Personal remittances, received (% of GDP)",BX.TRF.PWKR.DT.GD.ZS,,,,,,,,,,,,,,,,,,1%,1%,2%,1%,2%,2%,1%,2%,,,,,,,1%,1%,2%,2%,2%,1%,1%,1%,1%,2%,3%,3%,2%,2%,2%,3%,3%,3%,3%,3%,3%,4%,5%,8%,8%,8%,9%,9%
Kazakhstan,KAZ,"Personal remittances, received (% of GDP)",BX.TRF.PWKR.DT.GD.ZS,,,,,,,,,,,,,,,,,,,,,,,,,,,,,,,,,,,,57%,1%,1%,3%,2%,37%,38%,45%,14%,13%,11%,10%,14%,9%,17%,15%,9%,14%,14%,18%,16%,28%,34%,36%
Kenya,KEN,"Personal remittances, received (% of GDP)",BX.TRF.PWKR.DT.GD.ZS,,,,,,,,,,,45%,41%,66%,50%,62%,40%,28%,41%,50%,31%,38%,115%,106%,97%,92%,108%,72%,83%,92%,108%,162%,152%,140%,205%,192%,97%,73%,386%,377%,454%,423%,39%,43%,44%,233%,227%,221%,202%,186%,171%,171%,223%,240%,237%,234%,245%,252%,249%,309%
Kyrgyz Republic,KGZ,"Personal remittances, received (% of GDP)",BX.TRF.PWKR.DT.GD.ZS,,,,,,,,,,,,,,,,,,,,,,,,,,,,,,,,,,9%,6%,7%,13%,15%,13%,9%,16%,30%,189%,366%,810%,1273%,1669%,1851%,2380%,2094%,2641%,2757%,3075%,3106%,3003%,2527%,2928%,3227%,3323%
Cambodia,KHM,"Personal remittances, received (% of GDP)",BX.TRF.PWKR.DT.GD.ZS,,,,,,,,,,,,,,,,,,,,,,,,,,,,,,,,,,37%,40%,34%,33%,34%,231%,234%,279%,283%,287%,275%,276%,260%,253%,215%,182%,137%,496%,476%,608%,659%,660%,657%,599%,584%,583%
Kiribati,KIR,"Personal remittances, received (% of GDP)",BX.TRF.PWKR.DT.GD.ZS,,,,,,,,,,,,,,,,,,,,367%,412%,472%,625%,595%,532%,1262%,1282%,1518%,944%,1019%,1292%,1275%,1262%,1300%,1258%,,,,,,,,,,,,1178%,1051%,1019%,1061%,1002%,937%,927%,932%,912%,821%,914%,968%,968%
St. Kitts and Nevis,KNA,"Personal remittances, received (% of GDP)",BX.TRF.PWKR.DT.GD.ZS,,,,,,,,,,,,,,,,,,,,,116%,137%,128%,128%,133%,96%,805%,765%,704%,998%,888%,68%,61%,573%,596%,591%,568%,527%,561%,570%,560%,521%,510%,551%,538%,524%,500%,499%,505%,506%,613%,546%,638%,607%,221%,216%,221%,220%,219%
"Korea, Rep.",KOR,"Personal remittances, received (% of GDP)",BX.TRF.PWKR.DT.GD.ZS,,,,,,,,,,,,,,,,,16%,27%,20%,15%,87%,95%,101%,106%,98%,115%,150%,142%,127%,90%,86%,82%,84%,75%,68%,59%,56%,70%,132%,89%,80%,84%,84%,86%,78%,58%,48%,46%,70%,67%,53%,55%,54%,50%,47%,47%,46%,43%,42%
Kuwait,KWT,"Personal remittances, received (% of GDP)",BX.TRF.PWKR.DT.GD.ZS,,,,,,,,,,,,,,,,,,,,,,,,,,,,,,,,,,,,,,,,,,,,,,,,,,,0%,0%,0%,0%,0%,3%,0%,2%,2%
Latin America & Caribbean (excluding high income),LAC,"Personal remittances, received (% of GDP)",BX.TRF.PWKR.DT.GD.ZS,,,,,,,,,,,,,,,,,,,,18%,31%,31%,31%,38%,42%,39%,45%,51%,50%,52%,53%,50%,67%,60%,67%,73%,68%,66%,74%,93%,96%,119%,154%,199%,203%,192%,193%,174%,151%,141%,116%,108%,108%,108%,110%,151%,166%,166%,189%
Lao PDR,LAO,"Personal remittances, received (% of GDP)",BX.TRF.PWKR.DT.GD.ZS,,,,,,,,,,,,,,,,,,,,,,,,,16%,15%,21%,32%,112%,116%,126%,101%,96%,91%,65%,2%,3%,3%,5%,4%,4%,4%,4%,4%,3%,3%,12%,15%,33%,64%,59%,126%,199%,143%,142%,131%,120%,150%,150%
Lebanon,LBN,"Personal remittances, received (% of GDP)",BX.TRF.PWKR.DT.GD.ZS,,,,,,,,,,,,,,,,,,,,,,,,,,,,,,,,,,,,,,,,,,,1329%,2362%,2644%,2291%,2359%,2319%,2457%,2130%,1800%,1716%,1508%,1614%,1489%,1497%,1484%,1325%,1272%
Liberia,LBR,"Personal remittances, received (% of GDP)",BX.TRF.PWKR.DT.GD.ZS,,,,,,,,,,,,,,,,,,,,,,,,,,,,,,,,,,,,,,,,,,,,,652%,336%,704%,451%,337%,142%,1473%,2181%,2010%,1346%,1628%,2060%,1770%,1228%,1192%
Libya,LBY,"Personal remittances, received (% of GDP)",BX.TRF.PWKR.DT.GD.ZS,,,,,,,,,,,,,,,,,,,,,,,,,,,,,,,,,,,,,,,,,2%,3%,3%,3%,3%,3%,3%,,,,,,,,,,,,
St. Lucia,LCA,"Personal remittances, received (% of GDP)",BX.TRF.PWKR.DT.GD.ZS,,,,,,,,,,,,,,,,,,,,,,,,33%,281%,480%,591%,609%,412%,353%,311%,323%,34%,252%,341%,311%,357%,319%,300%,290%,286%,302%,305%,284%,276%,266%,245%,224%,225%,219%,207%,204%,207%,204%,210%,229%,227%,216%,171%
Latin America & Caribbean,LCN,"Personal remittances, received (% of GDP)",BX.TRF.PWKR.DT.GD.ZS,,,,,,,,,,,,,,,,,,,,21%,32%,32%,32%,37%,41%,39%,45%,51%,49%,52%,52%,51%,67%,61%,68%,74%,68%,66%,74%,93%,92%,114%,147%,189%,191%,181%,191%,173%,149%,134%,110%,103%,102%,102%,105%,141%,155%,154%,174%
Least developed countries: UN classification,LDC,"Personal remittances, received (% of GDP)",BX.TRF.PWKR.DT.GD.ZS,,,,,,,,,,,,,,,,,,,,,,,,391%,324%,260%,241%,288%,298%,309%,414%,359%,425%,397%,429%,395%,332%,353%,371%,379%,378%,406%,492%,482%,478%,450%,448%,453%,396%,415%,412%,407%,444%,440%,430%,452%,438%,399%,449%
Low income,LIC,"Personal remittances, received (% of GDP)",BX.TRF.PWKR.DT.GD.ZS,,,,,,,,,,,,,,,,,,,,,,,181%,174%,155%,167%,175%,193%,,,,,373%,341%,441%,341%,292%,259%,281%,287%,296%,309%,372%,438%,411%,389%,412%,440%,489%,433%,489%,549%,605%,603%,571%,591%,607%,589%,570%
Liechtenstein,LIE,"Personal remittances, received (% of GDP)",BX.TRF.PWKR.DT.GD.ZS,,,,,,,,,,,,,,,,,,,,,,,,,,,,,,,,,,,,,,,,,,,,,,,,,,,,,,,,,,,
Sri Lanka,LKA,"Personal remittances, received (% of GDP)",BX.TRF.PWKR.DT.GD.ZS,,,,,,,,,,,,,,,,23%,36%,45%,143%,179%,377%,520%,607%,570%,498%,488%,509%,524%,513%,512%,499%,491%,565%,612%,610%,615%,607%,619%,642%,680%,707%,743%,784%,754%,762%,809%,766%,775%,718%,793%,727%,789%,877%,864%,887%,868%,881%,817%,840%
Lower middle income,LMC,"Personal remittances, received (% of GDP)",BX.TRF.PWKR.DT.GD.ZS,,,,,,,,,,,,,,,,,,159%,204%,211%,242%,182%,215%,233%,222%,199%,189%,212%,197%,198%,204%,224%,254%,257%,252%,252%,235%,277%,286%,300%,312%,345%,371%,379%,358%,441%,437%,437%,460%,441%,405%,408%,431%,427%,420%,428%,398%,404%,438%
Low & middle income,LMY,"Personal remittances, received (% of GDP)",BX.TRF.PWKR.DT.GD.ZS,,,,,,,,,,,,,,,,,,,,115%,136%,117%,119%,129%,123%,107%,106%,115%,104%,106%,109%,105%,122%,118%,117%,106%,101%,113%,114%,127%,127%,140%,163%,181%,174%,178%,176%,171%,164%,162%,147%,140%,142%,142%,146%,163%,157%,152%,158%
Lesotho,LSO,"Personal remittances, received (% of GDP)",BX.TRF.PWKR.DT.GD.ZS,,,,,,,,,,,,,,,,8137%,9346%,8543%,6657%,7323%,6099%,6692%,23222%,22845%,23007%,21633%,19340%,23592%,18484%,17760%,16743%,14515%,13493%,12411%,12898%,10840%,9839%,8756%,6798%,5750%,5383%,4860%,5010%,4810%,4150%,3563%,3410%,3718%,3275%,3090%,2584%,2329%,2070%,1833%,1503%,1477%,1479%,1555%,1542%
Late-demographic dividend,LTE,"Personal remittances, received (% of GDP)",BX.TRF.PWKR.DT.GD.ZS,,,,,,,,,,,,,,,,,,,,,,,51%,56%,50%,46%,56%,58%,,,,,,,70%,46%,46%,52%,40%,48%,54%,60%,74%,88%,96%,86%,86%,89%,82%,77%,70%,63%,60%,61%,67%,76%,71%,65%,60%
Lithuania,LTU,"Personal remittances, received (% of GDP)",BX.TRF.PWKR.DT.GD.ZS,,,,,,,,,,,,,,,,,,,,,,,,,,,,,,,,,,,,1%,3%,3%,3%,3%,43%,65%,77%,61%,255%,285%,329%,361%,327%,331%,451%,449%,352%,444%,435%,331%,298%,274%,260%
Luxembourg,LUX,"Personal remittances, received (% of GDP)",BX.TRF.PWKR.DT.GD.ZS,,,,,,,,,,,,,,,,,,,,,,,,,,,,,,,,,,,,338%,326%,329%,325%,293%,272%,271%,350%,354%,339%,321%,318%,289%,292%,323%,311%,295%,297%,305%,283%,290%,286%,299%,286%
Latvia,LVA,"Personal remittances, received (% of GDP)",BX.TRF.PWKR.DT.GD.ZS,,,,,,,,,,,,,,,,,,,,,,,,,,,,,,,,,,,,,68%,70%,69%,65%,318%,328%,118%,134%,152%,224%,224%,178%,539%,606%,529%,533%,533%,530%,492%,492%,443%,415%,364%
"Macao SAR, China",MAC,"Personal remittances, received (% of GDP)",BX.TRF.PWKR.DT.GD.ZS,,,,,,,,,,,,,,,,,,,,,,,,,,,,,,,,,,,,,,,,,,,64%,58%,50%,44%,38%,30%,25%,23%,17%,13%,11%,9%,7%,9%,6%,5%,5%
St. Martin (French part),MAF,"Personal remittances, received (% of GDP)",BX.TRF.PWKR.DT.GD.ZS,,,,,,,,,,,,,,,,,,,,,,,,,,,,,,,,,,,,,,,,,,,,,,,,,,,,,,,,,,,
Morocco,MAR,"Personal remittances, received (% of GDP)",BX.TRF.PWKR.DT.GD.ZS,,,,,,,,,,,,,,,,593%,571%,534%,577%,596%,485%,570%,480%,564%,589%,649%,719%,730%,508%,508%,665%,616%,644%,619%,513%,505%,502%,484%,481%,466%,556%,826%,681%,694%,708%,736%,794%,852%,745%,675%,689%,716%,662%,644%,708%,682%,618%,622%,584%
Monaco,MCO,"Personal remittances, received (% of GDP)",BX.TRF.PWKR.DT.GD.ZS,,,,,,,,,,,,,,,,,,,,,,,,,,,,,,,,,,,,,,,,,,,,,,,,,,,,,,,,,,,
Moldova,MDA,"Personal remittances, received (% of GDP)",BX.TRF.PWKR.DT.GD.ZS,,,,,,,,,,,,,,,,,,,,,,,,,,,,,,,,,,,,6%,514%,592%,719%,943%,1378%,1636%,1941%,2443%,2699%,3062%,3450%,3388%,3118%,2486%,2513%,2155%,2281%,2308%,2183%,1988%,1809%,1695%,1625%
Madagascar,MDG,"Personal remittances, received (% of GDP)",BX.TRF.PWKR.DT.GD.ZS,,,,,,,,,,,,,,,2%,2%,3%,1%,1%,0%,1%,1%,0%,0%,19%,16%,18%,18%,16%,39%,26%,49%,50%,40%,43%,29%,16%,34%,31%,31%,29%,24%,67%,30%,26%,202%,272%,347%,334%,332%,522%,339%,333%,337%,323%,335%,300%,299%,306%
Maldives,MDV,"Personal remittances, received (% of GDP)",BX.TRF.PWKR.DT.GD.ZS,,,,,,,,,,,,,,,,,,,,,,,,432%,228%,138%,70%,71%,71%,74%,79%,74%,56%,40%,61%,59%,60%,48%,45%,37%,35%,21%,22%,19%,24%,19%,18%,42%,28%,19%,12%,11%,11%,10%,9%,9%,9%,8%,8%
Middle East & North Africa,MEA,"Personal remittances, received (% of GDP)",BX.TRF.PWKR.DT.GD.ZS,,,,,,,,,,,,,,,,,,,,,,,,,,,,,,,,,,,,,,,,,,,,,,195%,183%,193%,173%,173%,167%,144%,158%,164%,182%,194%,191%,209%,237%
Mexico,MEX,"Personal remittances, received (% of GDP)",BX.TRF.PWKR.DT.GD.ZS,,,,,,,,,,,,,,,,,,,,13%,51%,46%,66%,89%,85%,83%,132%,135%,134%,126%,119%,97%,102%,79%,78%,121%,120%,111%,123%,111%,106%,134%,143%,228%,254%,259%,272%,255%,235%,245%,209%,199%,193%,182%,189%,224%,266%,279%,291%
Marshall Islands,MHL,"Personal remittances, received (% of GDP)",BX.TRF.PWKR.DT.GD.ZS,,,,,,,,,,,,,,,,,,,,,,,,,,,,,,,,,,,,,,,,,,,,,,1721%,1806%,1667%,1510%,1545%,1347%,1278%,1255%,1287%,1424%,1521%,1457%,1388%,1409%
Middle income,MIC,"Personal remittances, received (% of GDP)",BX.TRF.PWKR.DT.GD.ZS,,,,,,,,,,,,,,,,,,,,106%,130%,114%,117%,128%,122%,106%,104%,113%,102%,103%,102%,101%,117%,114%,113%,103%,98%,111%,111%,125%,125%,138%,159%,176%,170%,175%,172%,167%,160%,158%,143%,135%,136%,135%,140%,156%,150%,146%,152%
North Macedonia,MKD,"Personal remittances, received (% of GDP)",BX.TRF.PWKR.DT.GD.ZS,,,,,,,,,,,,,,,,,,,,,,,,,,,,,,,,,,,,,146%,198%,168%,198%,214%,198%,264%,351%,375%,362%,388%,414%,410%,405%,412%,414%,404%,348%,323%,305%,273%,279%,272%
Mali,MLI,"Personal remittances, received (% of GDP)",BX.TRF.PWKR.DT.GD.ZS,,,,,,,,,,,,,,,,281%,189%,252%,362%,339%,338%,310%,295%,281%,264%,481%,369%,422%,338%,348%,399%,341%,412%,446%,496%,414%,398%,340%,289%,251%,248%,254%,354%,327%,286%,284%,307%,422%,442%,446%,443%,604%,665%,675%,641%,623%,590%,576%,514%
Malta,MLT,"Personal remittances, received (% of GDP)",BX.TRF.PWKR.DT.GD.ZS,,,,,,,,,,,,687%,604%,565%,497%,460%,610%,579%,333%,287%,280%,227%,318%,367%,335%,311%,319%,263%,256%,330%,229%,153%,101%,94%,79%,44%,37%,25%,33%,49%,41%,30%,45%,47%,526%,347%,309%,291%,295%,305%,263%,239%,217%,242%,224%,256%,218%,206%,184%
Myanmar,MMR,"Personal remittances, received (% of GDP)",BX.TRF.PWKR.DT.GD.ZS,,,,,,,,,,,,,,,,,,,,,,,,,,,,,,,,,,,,,,,,,115%,179%,155%,81%,110%,108%,79%,40%,17%,15%,23%,21%,46%,273%,285%,336%,371%,386%,387%
Middle East & North Africa (excluding high income),MNA,"Personal remittances, received (% of GDP)",BX.TRF.PWKR.DT.GD.ZS,,,,,,,,,,,,,,,,,,,,,,,,,,,,,,,,635%,767%,568%,479%,421%,338%,343%,348%,323%,280%,304%,369%,422%,413%,327%,303%,315%,290%,275%,284%,263%,289%,316%,356%,367%,359%,412%,605%
Montenegro,MNE,"Personal remittances, received (% of GDP)",BX.TRF.PWKR.DT.GD.ZS,,,,,,,,,,,,,,,,,,,,,,,,,,,,,,,,,,,,,,,,,,,,,,,,534%,656%,728%,1005%,1122%,1242%,1222%,1184%,1159%,1099%,1079%,1080%
Mongolia,MNG,"Personal remittances, received (% of GDP)",BX.TRF.PWKR.DT.GD.ZS,,,,,,,,,,,,,,,,,,,,,,,,,,,,,,,,,,,,,,,49%,74%,10%,210%,492%,497%,1017%,701%,455%,420%,399%,435%,370%,240%,263%,204%,209%,222%,232%,239%,439%
Northern Mariana Islands,MNP,"Personal remittances, received (% of GDP)",BX.TRF.PWKR.DT.GD.ZS,,,,,,,,,,,,,,,,,,,,,,,,,,,,,,,,,,,,,,,,,,,,,,,,,,,,,,,,,,,
Mozambique,MOZ,"Personal remittances, received (% of GDP)",BX.TRF.PWKR.DT.GD.ZS,,,,,,,,,,,,,,,,,,,,,151%,182%,176%,232%,169%,92%,95%,246%,342%,308%,280%,170%,253%,249%,223%,234%,173%,150%,95%,72%,73%,88%,104%,124%,84%,76%,96%,106%,101%,102%,114%,99%,114%,95%,92%,97%,86%,204%,245%
Mauritania,MRT,"Personal remittances, received (% of GDP)",BX.TRF.PWKR.DT.GD.ZS,,,,,,,,,,,,,,,,9%,8%,6%,10%,37%,79%,50%,31%,16%,13%,12%,23%,74%,97%,49%,134%,81%,342%,18%,37%,38%,30%,19%,16%,,,,,,,,,,,,,,,,,,,155%,
Mauritius,MUS,"Personal remittances, received (% of GDP)",BX.TRF.PWKR.DT.GD.ZS,,,,,,,,,,,,,,,,,,,,,,,,,,,,,,,,,,,332%,327%,362%,401%,432%,410%,380%,1%,1%,1%,1%,1%,1%,1%,1%,1%,1%,0%,1%,0%,255%,191%,159%,189%,172%
Malawi,MWI,"Personal remittances, received (% of GDP)",BX.TRF.PWKR.DT.GD.ZS,,,,,,,,,,,,,,,,,,,,,,,,,,,,,,,,,,,6%,4%,3%,3%,4%,4%,4%,4%,2%,43%,53%,62%,37%,47%,31%,27%,31%,32%,47%,62%,64%,65%,63%,65%,63%
Malaysia,MYS,"Personal remittances, received (% of GDP)",BX.TRF.PWKR.DT.GD.ZS,,,,,,,,,,,,,,,,4%,4%,3%,3%,2%,,,,,,,,15%,28%,36%,42%,26%,26%,26%,16%,13%,16%,19%,26%,41%,37%,40%,43%,52%,64%,78%,84%,80%,58%,56%,43%,41%,41%,44%,47%,55%,54%,52%,47%
North America,NAC,"Personal remittances, received (% of GDP)",BX.TRF.PWKR.DT.GD.ZS,,,,,,,,,,,,,,,,,,1%,1%,1%,0%,0%,0%,0%,0%,0%,2%,2%,2%,2%,2%,2%,3%,3%,3%,3%,3%,3%,3%,5%,5%,5%,4%,4%,4%,4%,5%,5%,5%,5%,5%,5%,5%,5%,4%,4%,4%,4%,4%
Namibia,NAM,"Personal remittances, received (% of GDP)",BX.TRF.PWKR.DT.GD.ZS,,,,,,,,,,,,,,,,,,,,,,,,,,,,,,,48%,46%,46%,45%,41%,40%,34%,32%,29%,26%,24%,24%,23%,25%,23%,25%,21%,18%,16%,87%,61%,64%,61%,51%,63%,40%,59%,36%,37%
New Caledonia,NCL,"Personal remittances, received (% of GDP)",BX.TRF.PWKR.DT.GD.ZS,,,,,,,,,,,,,,,,,,,,,,,,,,,,,,,,,,,,,,,,,,,,,,,,,,,,,,,,,,,
Niger,NER,"Personal remittances, received (% of GDP)",BX.TRF.PWKR.DT.GD.ZS,,,,,,,,,,,,,,,42%,74%,59%,50%,48%,41%,45%,42%,35%,38%,51%,62%,84%,72%,69%,61%,56%,56%,77%,99%,44%,41%,23%,29%,90%,132%,80%,113%,87%,93%,196%,195%,214%,185%,174%,189%,235%,259%,219%,190%,266%,238%,234%,324%,305%
Nigeria,NGA,"Personal remittances, received (% of GDP)",BX.TRF.PWKR.DT.GD.ZS,,,,,,,,,,,,,,,,,,6%,1%,2%,3%,1%,1%,1%,2%,1%,1%,1%,0%,2%,2%,13%,12%,286%,163%,57%,58%,108%,82%,219%,200%,158%,127%,101%,167%,831%,717%,654%,570%,629%,543%,502%,447%,404%,366%,428%,486%,586%,612%
Nicaragua,NIC,"Personal remittances, received (% of GDP)",BX.TRF.PWKR.DT.GD.ZS,,,,,,,,,,,,,,,,,,17%,19%,29%,,,,,,,,,,,,,56%,142%,129%,181%,221%,342%,431%,618%,627%,631%,721%,824%,895%,974%,1031%,996%,965%,928%,942%,935%,965%,985%,960%,939%,954%,1007%,1147%
Netherlands,NLD,"Personal remittances, received (% of GDP)",BX.TRF.PWKR.DT.GD.ZS,,,,,,,,,,,35%,46%,48%,51%,40%,33%,30%,32%,29%,31%,31%,34%,41%,37%,34%,35%,31%,31%,31%,30%,22%,21%,22%,26%,26%,15%,15%,16%,14%,11%,10%,11%,10%,19%,20%,18%,21%,19%,17%,20%,20%,20%,20%,18%,17%,30%,28%,27%,27%
Norway,NOR,"Personal remittances, received (% of GDP)",BX.TRF.PWKR.DT.GD.ZS,,,,,,,,,,,,,,,,2%,2%,16%,15%,14%,16%,20%,17%,16%,16%,16%,14%,14%,14%,14%,13%,14%,15%,14%,13%,16%,19%,18%,19%,18%,16%,16%,17%,17%,18%,16%,15%,15%,15%,16%,16%,15%,15%,15%,15%,16%,16%,15%,15%
Nepal,NPL,"Personal remittances, received (% of GDP)",BX.TRF.PWKR.DT.GD.ZS,,,,,,,,,,,,,,,,,,,,,,,,,,,,,,,,,,150%,123%,129%,98%,101%,139%,166%,203%,245%,1121%,1218%,1131%,1491%,1607%,1679%,2174%,2321%,2165%,2230%,2543%,2900%,2944%,3143%,3121%,2785%,2799%
Nauru,NRU,"Personal remittances, received (% of GDP)",BX.TRF.PWKR.DT.GD.ZS,,,,,,,,,,,,,,,,,,,,,,,,,,,,,,,,,,,,,,,,,,,,,,,,,,,,,,,,,,,
New Zealand,NZL,"Personal remittances, received (% of GDP)",BX.TRF.PWKR.DT.GD.ZS,,,,,,,,,,,,,112%,122%,116%,122%,94%,93%,84%,100%,110%,106%,122%,124%,127%,104%,99%,94%,109%,133%,167%,152%,145%,178%,209%,258%,291%,153%,46%,44%,41%,41%,35%,33%,31%,31%,30%,28%,32%,27%,25%,27%,26%,24%,15%,16%,15%,23%,22%
OECD members,OED,"Personal remittances, received (% of GDP)",BX.TRF.PWKR.DT.GD.ZS,,,,,,,,,,,,,,,,,,23%,24%,26%,29%,27%,27%,24%,22%,25%,28%,29%,29%,31%,31%,24%,24%,23%,22%,20%,20%,23%,24%,22%,21%,22%,23%,25%,27%,27%,29%,30%,32%,31%,30%,31%,30%,32%,32%,33%,32%,33%,33%
Oman,OMN,"Personal remittances, received (% of GDP)",BX.TRF.PWKR.DT.GD.ZS,,,,,,,,,,,,,,,,,,,106%,88%,58%,56%,57%,55%,49%,43%,54%,50%,47%,42%,33%,34%,31%,31%,30%,28%,26%,25%,28%,25%,20%,20%,19%,18%,16%,13%,10%,9%,6%,8%,7%,6%,5%,5%,5%,6%,6%,6%,5%
Other small states,OSS,"Personal remittances, received (% of GDP)",BX.TRF.PWKR.DT.GD.ZS,,,,,,,,,,,,,,,,,,,,,,,,,,,,,,,,,,,411%,336%,290%,,224%,,,,,,,,,,,,,125%,118%,104%,106%,116%,124%,132%,118%
Pakistan,PAK,"Personal remittances, received (% of GDP)",BX.TRF.PWKR.DT.GD.ZS,,,,,,,,,,,,,,,,,309%,577%,735%,762%,864%,736%,842%,1025%,828%,815%,767%,654%,487%,502%,501%,341%,324%,281%,337%,282%,203%,273%,188%,158%,145%,202%,492%,476%,403%,391%,373%,394%,414%,518%,546%,574%,624%,633%,706%,714%,711%,646%,673%
Panama,PAN,"Personal remittances, received (% of GDP)",BX.TRF.PWKR.DT.GD.ZS,,,,,,,,,,,,,,,,,,379%,372%,366%,141%,118%,131%,132%,120%,151%,148%,153%,173%,173%,171%,153%,127%,124%,120%,117%,87%,60%,50%,40%,13%,58%,65%,78%,73%,79%,166%,167%,150%,124%,139%,106%,102%,101%,152%,102%,87%,86%,83%
Peru,PER,"Personal remittances, received (% of GDP)",BX.TRF.PWKR.DT.GD.ZS,,,,,,,,,,,,,,,,,,,,,,,,,,,,,,,33%,43%,66%,82%,105%,112%,108%,109%,117%,133%,139%,145%,129%,148%,170%,189%,207%,209%,203%,199%,172%,157%,145%,135%,131%,144%,150%,145%,146%
Philippines,PHL,"Personal remittances, received (% of GDP)",BX.TRF.PWKR.DT.GD.ZS,,,,,,,,,,,,,,,,,,173%,196%,202%,193%,224%,282%,338%,229%,262%,288%,307%,333%,320%,331%,407%,479%,476%,539%,723%,588%,826%,710%,806%,855%,1149%,1197%,1220%,1255%,1332%,1268%,1101%,1082%,1186%,1080%,1029%,984%,983%,1008%,1018%,1021%,1046%,1022%
Palau,PLW,"Personal remittances, received (% of GDP)",BX.TRF.PWKR.DT.GD.ZS,,,,,,,,,,,,,,,,,,,,,,,,,,,,,,,,,,,,,,,,,,,,,,80%,82%,79%,82%,87%,92%,102%,110%,105%,90%,78%,78%,75%,79%
Papua New Guinea,PNG,"Personal remittances, received (% of GDP)",BX.TRF.PWKR.DT.GD.ZS,,,,,,,,,,,,,,,,,92%,53%,47%,40%,21%,19%,26%,17%,21%,23%,26%,43%,27%,20%,17%,55%,47%,41%,36%,34%,29%,28%,26%,23%,21%,19%,19%,20%,24%,14%,5%,8%,6%,4%,2%,9%,7%,7%,4%,5%,1%,2%,2%
Poland,POL,"Personal remittances, received (% of GDP)",BX.TRF.PWKR.DT.GD.ZS,,,,,,,,,,,,,,,,,,,,,,,,,,,,,,,,,,,52%,51%,48%,53%,61%,49%,87%,82%,85%,105%,185%,211%,246%,244%,196%,186%,160%,146%,140%,141%,136%,142%,142%,131%,121%
Pre-demographic dividend,PRE,"Personal remittances, received (% of GDP)",BX.TRF.PWKR.DT.GD.ZS,,,,,,,,,,,,,,,,,,,,,,43%,31%,51%,,,,,,,,73%,92%,167%,140%,113%,93%,150%,155%,216%,208%,178%,178%,173%,208%,453%,410%,368%,294%,313%,293%,273%,246%,235%,219%,261%,275%,283%,309%
Puerto Rico,PRI,"Personal remittances, received (% of GDP)",BX.TRF.PWKR.DT.GD.ZS,,,,,,,,,,,,,,,,,,,,,,,,,,,,,,,,,,,,,,,,,,,,,,,,,,,,,,,,,,,
"Korea, Dem. People’s Rep.",PRK,"Personal remittances, received (% of GDP)",BX.TRF.PWKR.DT.GD.ZS,,,,,,,,,,,,,,,,,,,,,,,,,,,,,,,,,,,,,,,,,,,,,,,,,,,,,,,,,,,
Portugal,PRT,"Personal remittances, received (% of GDP)",BX.TRF.PWKR.DT.GD.ZS,,,,,,,,,,,,,,,,582%,455%,558%,722%,934%,902%,899%,863%,803%,872%,798%,685%,700%,625%,612%,569%,529%,443%,454%,382%,335%,302%,298%,285%,19%,22%,28%,23%,23%,20%,20%,21%,25%,24%,25%,22%,22%,21%,20%,19%,19%,21%,21%,19%
Paraguay,PRY,"Personal remittances, received (% of GDP)",BX.TRF.PWKR.DT.GD.ZS,,,,,,,,,,,,,,,,39%,43%,84%,146%,107%,117%,112%,76%,59%,53%,29%,37%,57%,56%,83%,58%,61%,89%,130%,188%,149%,140%,142%,154%,167%,171%,165%,137%,142%,137%,150%,250%,191%,148%,169%,151%,160%,191%,162%,126%,153%,182%,180%,167%
West Bank and Gaza,PSE,"Personal remittances, received (% of GDP)",BX.TRF.PWKR.DT.GD.ZS,,,,,,,,,,,,,,,,,,,,,,,,,,,,,,,,,,,,1773%,1591%,1658%,2602%,2567%,2003%,2012%,2170%,781%,921%,783%,945%,1087%,1110%,1039%,1040%,1091%,1540%,1201%,1419%,1441%,1561%,1478%,1698%
Pacific island small states,PSS,"Personal remittances, received (% of GDP)",BX.TRF.PWKR.DT.GD.ZS,,,,,,,,,,,,,,,,,,,,106%,105%,141%,311%,373%,358%,594%,570%,651%,580%,566%,576%,469%,509%,454%,395%,327%,431%,367%,346%,271%,399%,726%,765%,682%,622%,811%,816%,734%,675%,799%,747%,672%,709%,727%,659%,733%,697%,697%,711%
Post-demographic dividend,PST,"Personal remittances, received (% of GDP)",BX.TRF.PWKR.DT.GD.ZS,,,,,,,,,,,,,,,,,,21%,22%,23%,25%,23%,23%,21%,19%,21%,25%,25%,26%,26%,27%,21%,21%,20%,18%,18%,17%,19%,20%,19%,18%,19%,20%,22%,22%,22%,22%,24%,26%,27%,26%,27%,27%,29%,29%,29%,29%,29%,29%
French Polynesia,PYF,"Personal remittances, received (% of GDP)",BX.TRF.PWKR.DT.GD.ZS,,,,,,,,,,,,,,,,,,,,,,,,,,,,,,,,,,,,,,,,,,,,,,,,,,,,,,,,,,,
Qatar,QAT,"Personal remittances, received (% of GDP)",BX.TRF.PWKR.DT.GD.ZS,,,,,,,,,,,,,,,,,,,,,,,,,,,,,,,,,,,,,,,,,,,,,,,,,,,,34%,43%,29%,24%,27%,25%,40%,24%
Romania,ROU,"Personal remittances, received (% of GDP)",BX.TRF.PWKR.DT.GD.ZS,,,,,,,,,,,,,,,,,,,,,,,,,,,,,,,,,,,4%,2%,5%,4%,12%,27%,26%,29%,31%,21%,17%,97%,95%,93%,79%,39%,39%,38%,43%,184%,169%,173%,185%,203%,203%
Russian Federation,RUS,"Personal remittances, received (% of GDP)",BX.TRF.PWKR.DT.GD.ZS,,,,,,,,,,,,,,,,,,,,,,,,,,,,,,,,,,,115%,4%,3%,6%,11%,22%,19%,32%,27%,26%,37%,45%,39%,36%,35%,42%,34%,30%,26%,29%,38%,51%,52%,52%,52%
Rwanda,RWA,"Personal remittances, received (% of GDP)",BX.TRF.PWKR.DT.GD.ZS,,,,,,,,,,,,,,,,,4%,16%,24%,43%,27%,28%,51%,23%,19%,17%,21%,21%,16%,16%,10%,19%,9%,20%,166%,163%,95%,28%,22%,17%,37%,45%,41%,50%,45%,33%,93%,319%,139%,172%,184%,265%,249%,223%,229%,192%,204%,236%,242%
South Asia,SAS,"Personal remittances, received (% of GDP)",BX.TRF.PWKR.DT.GD.ZS,,,,,,,,,,,,,,,,43%,84%,127%,154%,165%,228%,202%,236%,242%,212%,199%,181%,173%,144%,154%,139%,170%,157%,176%,222%,210%,236%,266%,240%,254%,278%,302%,363%,390%,318%,331%,357%,362%,469%,445%,398%,424%,470%,470%,449%,436%,379%,350%,379%
Saudi Arabia,SAU,"Personal remittances, received (% of GDP)",BX.TRF.PWKR.DT.GD.ZS,,,,,,,,,,,,,,,,,,,,,,,,,,,,,,,,,,,,,,,,,,,,,,3%,3%,3%,4%,5%,4%,4%,3%,4%,4%,5%,5%,4%,4%
Sudan,SDN,"Personal remittances, received (% of GDP)",BX.TRF.PWKR.DT.GD.ZS,,,,,,,,,,,,,,,,,,47%,90%,142%,351%,383%,144%,333%,294%,210%,72%,68%,141%,273%,50%,40%,176%,85%,84%,250%,246%,359%,610%,623%,523%,561%,660%,693%,654%,265%,224%,218%,292%,262%,222%,122%,87%,86%,62%,16%,16%,17%,104%
Senegal,SEN,"Personal remittances, received (% of GDP)",BX.TRF.PWKR.DT.GD.ZS,,,,,,,,,,,,,,,41%,93%,160%,147%,170%,138%,174%,170%,168%,168%,157%,212%,205%,185%,186%,181%,196%,229%,231%,236%,232%,236%,235%,254%,231%,286%,394%,493%,510%,588%,622%,716%,781%,834%,871%,831%,911%,903%,884%,937%,976%,989%,1040%,1017%,917%
Singapore,SGP,"Personal remittances, received (% of GDP)",BX.TRF.PWKR.DT.GD.ZS,,,,,,,,,,,,,,,,,,,,,,,,,,,,,,,,,,,,,,,,,,,,,,,,,,,,,,,,,,,
Solomon Islands,SLB,"Personal remittances, received (% of GDP)",BX.TRF.PWKR.DT.GD.ZS,,,,,,,,,,,,,,,,,,,,,,,,,,,,,,,,,,,,,,,,49%,99%,113%,94%,117%,232%,173%,235%,245%,150%,209%,210%,181%,195%,183%,139%,161%,165%,122%,118%
Sierra Leone,SLE,"Personal remittances, received (% of GDP)",BX.TRF.PWKR.DT.GD.ZS,,,,,,,,,,,,,,,,,,,,,1%,1%,1%,1%,1%,0%,1%,1%,1%,1%,0%,0%,1%,1%,1%,272%,268%,70%,302%,336%,112%,57%,174%,187%,171%,15%,83%,194%,90%,146%,172%,200%,170%,142%,124%,114%,127%,129%,128%
El Salvador,SLV,"Personal remittances, received (% of GDP)",BX.TRF.PWKR.DT.GD.ZS,,,,,,,,,,,,,,,,,46%,184%,217%,289%,137%,211%,330%,329%,435%,414%,417%,472%,503%,544%,760%,905%,1194%,1191%,1265%,1192%,1131%,1173%,1224%,1228%,1497%,1567%,1542%,1602%,1867%,2061%,2177%,2180%,2087%,1933%,1882%,1796%,1830%,1804%,1841%,1824%,1889%,2004%,2068%
San Marino,SMR,"Personal remittances, received (% of GDP)",BX.TRF.PWKR.DT.GD.ZS,,,,,,,,,,,,,,,,,,,,,,,,,,,,,,,,,,,,,,,,,,,,,,,,,,,,,,,,,,,
Somalia,SOM,"Personal remittances, received (% of GDP)",BX.TRF.PWKR.DT.GD.ZS,,,,,,,,,,,,,,,,,,,,,,,,,,,,,,,,,,,,,,,,,,,,,,,,,,,,,,,,,,,
Serbia,SRB,"Personal remittances, received (% of GDP)",BX.TRF.PWKR.DT.GD.ZS,,,,,,,,,,,,,,,,,,,,,,,,,,,,,,,,,,,,,,,,,,,,,,,,872%,679%,1029%,985%,804%,819%,832%,785%,850%,789%,813%,856%
Sub-Saharan Africa (excluding high income),SSA,"Personal remittances, received (% of GDP)",BX.TRF.PWKR.DT.GD.ZS,,,,,,,,,,,,,,,,,,51%,54%,52%,59%,45%,54%,71%,70%,66%,65%,74%,75%,83%,81%,80%,90%,114%,112%,96%,85%,108%,113%,141%,139%,121%,128%,118%,134%,291%,290%,275%,248%,258%,240%,249%,238%,224%,222%,263%,257%,257%,284%
South Sudan,SSD,"Personal remittances, received (% of GDP)",BX.TRF.PWKR.DT.GD.ZS,,,,,,,,,,,,,,,,,,,,,,,,,,,,,,,,,,,,,,,,,,,,,,,,,,,,,,,1%,920%,3527%,,
Sub-Saharan Africa,SSF,"Personal remittances, received (% of GDP)",BX.TRF.PWKR.DT.GD.ZS,,,,,,,,,,,,,,,,,,51%,54%,52%,59%,45%,54%,71%,70%,66%,65%,74%,75%,83%,81%,80%,90%,114%,111%,96%,85%,108%,113%,141%,139%,121%,128%,118%,134%,291%,290%,274%,248%,258%,240%,249%,238%,224%,222%,263%,257%,257%,283%
Small states,SST,"Personal remittances, received (% of GDP)",BX.TRF.PWKR.DT.GD.ZS,,,,,,,,,,,,,,,,,,,,,,,,,,,,,,,424%,392%,405%,,417%,367%,341%,329%,294%,275%,,,,,,,,,,,,194%,188%,171%,173%,197%,211%,210%,192%
Sao Tome and Principe,STP,"Personal remittances, received (% of GDP)",BX.TRF.PWKR.DT.GD.ZS,,,,,,,,,,,,,,,,,,,,,,,,,,,,,,,,,,,,,,,,,,73%,94%,178%,96%,110%,112%,134%,160%,106%,322%,295%,252%,877%,769%,628%,519%,485%,421%
Suriname,SUR,"Personal remittances, received (% of GDP)",BX.TRF.PWKR.DT.GD.ZS,,,,,,,,,,,,,,,,,,48%,64%,69%,75%,69%,44%,68%,68%,52%,19%,21%,24%,37%,13%,91%,114%,82%,3%,4%,4%,4%,12%,26%,13%,2%,138%,184%,61%,22%,8%,10%,6%,12%,10%,9%,16%,14%,17%,14%,5%,2%,2%
Slovak Republic,SVK,"Personal remittances, received (% of GDP)",BX.TRF.PWKR.DT.GD.ZS,,,,,,,,,,,,,,,,,,,,,,,,,,,,,,,,,,48%,24%,10%,7%,11%,8%,6%,6%,7%,7%,91%,123%,193%,190%,193%,204%,188%,178%,179%,206%,210%,237%,244%,236%,226%,208%
Slovenia,SVN,"Personal remittances, received (% of GDP)",BX.TRF.PWKR.DT.GD.ZS,,,,,,,,,,,,,,,,,,,,,,,,,,,,,,,,,29%,40%,182%,127%,128%,115%,101%,98%,99%,95%,90%,78%,76%,72%,71%,67%,68%,66%,72%,95%,55%,64%,74%,87%,91%,99%,113%
Sweden,SWE,"Personal remittances, received (% of GDP)",BX.TRF.PWKR.DT.GD.ZS,,,,,,,,,,,2%,3%,3%,3%,3%,3%,5%,6%,5%,4%,5%,5%,0%,2%,2%,2%,1%,5%,5%,6%,6%,8%,8%,11%,11%,10%,9%,12%,5%,13%,17%,24%,19%,41%,42%,47%,53%,66%,80%,92%,83%,78%,79%,79%,79%,68%,56%,55%,57%
Eswatini,SWZ,"Personal remittances, received (% of GDP)",BX.TRF.PWKR.DT.GD.ZS,,,,,,,,,,,,,,,134%,277%,359%,397%,419%,409%,651%,699%,692%,955%,1065%,1317%,1225%,1350%,1370%,1575%,1012%,940%,862%,610%,543%,484%,470%,488%,497%,452%,327%,342%,308%,297%,299%,300%,291%,274%,272%,261%,123%,132%,184%,165%,219%,238%,258%,325%,331%
Sint Maarten (Dutch part),SXM,"Personal remittances, received (% of GDP)",BX.TRF.PWKR.DT.GD.ZS,,,,,,,,,,,,,,,,,,,,,,,,,,,,,,,,,,,,,,,,,,,,,,,,,,,,,,,,,,,
Seychelles,SYC,"Personal remittances, received (% of GDP)",BX.TRF.PWKR.DT.GD.ZS,,,,,,,,,,,,,,,,,,,,,,,,,,,,,,140%,204%,196%,248%,6%,6%,10%,14%,4%,2%,3%,51%,29%,28%,69%,81%,132%,131%,46%,33%,190%,179%,237%,167%,97%,112%,134%,155%,144%,150%
Syrian Arab Republic,SYR,"Personal remittances, received (% of GDP)",BX.TRF.PWKR.DT.GD.ZS,,,,,,,,,,,,,,,,,,120%,686%,908%,592%,281%,252%,220%,184%,213%,243%,294%,340%,436%,313%,270%,415%,257%,529%,297%,227%,164%,145%,125%,93%,81%,63%,407%,341%,285%,239%,255%,,,,,,,,,,,
Turks and Caicos Islands,TCA,"Personal remittances, received (% of GDP)",BX.TRF.PWKR.DT.GD.ZS,,,,,,,,,,,,,,,,,,,,,,,,,,,,,,,,,,,,,,,,,,,,,,,,,,,,,,,87%,68%,79%,80%,73%
Chad,TCD,"Personal remittances, received (% of GDP)",BX.TRF.PWKR.DT.GD.ZS,,,,,,,,,,,,,,,,,,,,,,,,,,0%,12%,12%,2%,6%,,,1%,2%,6%,,,,,,,,,,,,,,,,,,,,,,,,
East Asia & Pacific (IDA & IBRD countries),TEA,"Personal remittances, received (% of GDP)",BX.TRF.PWKR.DT.GD.ZS,,,,,,,,,,,,,,,,,,,,,,,83%,66%,50%,45%,49%,50%,52%,48%,48%,52%,52%,58%,61%,65%,64%,93%,59%,67%,73%,77%,86%,92%,95%,93%,88%,84%,77%,74%,73%,66%,64%,63%,72%,82%,76%,68%,62%
Europe & Central Asia (IDA & IBRD countries),TEC,"Personal remittances, received (% of GDP)",BX.TRF.PWKR.DT.GD.ZS,,,,,,,,,,,,,,,401%,294%,191%,167%,151%,189%,301%,351%,332%,245%,301%,255%,216%,,,,,,,,118%,67%,67%,75%,118%,123%,127%,128%,120%,110%,126%,131%,135%,148%,140%,149%,130%,122%,121%,132%,133%,145%,150%,153%,162%
Togo,TGO,"Personal remittances, received (% of GDP)",BX.TRF.PWKR.DT.GD.ZS,,,,,,,,,,,,,,,73%,77%,114%,103%,113%,89%,87%,82%,74%,79%,92%,202%,202%,160%,154%,169%,165%,181%,96%,95%,156%,115%,200%,175%,117%,145%,230%,462%,608%,704%,794%,844%,988%,1070%,1018%,994%,982%,631%,890%,920%,935%,870%,831%,845%,854%
Thailand,THA,"Personal remittances, received (% of GDP)",BX.TRF.PWKR.DT.GD.ZS,,,,,,,,,,,,,,,,12%,14%,23%,43%,69%,118%,137%,169%,211%,214%,226%,185%,167%,150%,131%,114%,104%,40%,86%,87%,100%,99%,110%,125%,115%,134%,104%,103%,106%,94%,63%,60%,62%,65%,135%,130%,142%,142%,157%,160%,147%,152%,148%,148%
Tajikistan,TJK,"Personal remittances, received (% of GDP)",BX.TRF.PWKR.DT.GD.ZS,,,,,,,,,,,,,,,,,,,,,,,,,,,,,,,,,,,,,,,,,,,643%,939%,1214%,2018%,3600%,4546%,4929%,3511%,3581%,4174%,4222%,4377%,3714%,2876%,2686%,3125%,2902%
Turkmenistan,TKM,"Personal remittances, received (% of GDP)",BX.TRF.PWKR.DT.GD.ZS,,,,,,,,,,,,,,,,,,,,,,,,,,,,,,,,,,,,,19%,,,,,,,,,,14%,24%,26%,17%,16%,12%,11%,10%,7%,4%,2%,0%,0%
Latin America & the Caribbean (IDA & IBRD countries),TLA,"Personal remittances, received (% of GDP)",BX.TRF.PWKR.DT.GD.ZS,,,,,,,,,,,,,,,,,,,,21%,32%,32%,32%,37%,41%,39%,44%,50%,49%,52%,52%,51%,67%,61%,68%,74%,68%,66%,74%,92%,92%,113%,147%,189%,191%,181%,191%,172%,149%,134%,110%,103%,102%,102%,105%,141%,155%,154%,174%
Timor-Leste,TLS,"Personal remittances, received (% of GDP)",BX.TRF.PWKR.DT.GD.ZS,,,,,,,,,,,,,,,,,,,,,,,,,,,,,,,,,,,,,,,,,,,,,,,14%,36%,40%,354%,343%,241%,180%,60%,108%,199%,320%,350%,343%
Middle East & North Africa (IDA & IBRD countries),TMN,"Personal remittances, received (% of GDP)",BX.TRF.PWKR.DT.GD.ZS,,,,,,,,,,,,,,,,,,,,,,,,,,,,,,,,635%,767%,568%,479%,405%,325%,328%,321%,295%,261%,288%,354%,419%,410%,324%,299%,311%,285%,270%,279%,257%,280%,309%,347%,357%,347%,401%,588%
Tonga,TON,"Personal remittances, received (% of GDP)",BX.TRF.PWKR.DT.GD.ZS,,,,,,,,,,,,,,,,2059%,1789%,1623%,1457%,1472%,1331%,1222%,1308%,2707%,2096%,3642%,3060%,2741%,1558%,1398%,2110%,1419%,1557%,1514%,,,,,,,,2898%,3616%,2892%,2853%,2630%,2652%,2725%,2961%,2575%,2004%,1994%,1932%,2722%,2687%,3442%,3147%,3685%,4070%
South Asia (IDA & IBRD),TSA,"Personal remittances, received (% of GDP)",BX.TRF.PWKR.DT.GD.ZS,,,,,,,,,,,,,,,,43%,84%,127%,154%,165%,228%,202%,236%,242%,212%,199%,181%,173%,144%,154%,139%,170%,157%,176%,222%,210%,236%,266%,240%,254%,278%,302%,363%,390%,318%,331%,357%,362%,469%,445%,398%,424%,470%,470%,449%,436%,379%,350%,379%
Sub-Saharan Africa (IDA & IBRD countries),TSS,"Personal remittances, received (% of GDP)",BX.TRF.PWKR.DT.GD.ZS,,,,,,,,,,,,,,,,,,51%,54%,52%,59%,45%,54%,71%,70%,66%,65%,74%,75%,83%,81%,80%,90%,114%,111%,96%,85%,108%,113%,141%,139%,121%,128%,118%,134%,291%,290%,274%,248%,258%,240%,249%,238%,224%,222%,263%,257%,257%,283%
Trinidad and Tobago,TTO,"Personal remittances, received (% of GDP)",BX.TRF.PWKR.DT.GD.ZS,,,,,,,,,,,,,,,,11%,7%,5%,4%,3%,10%,6%,6%,6%,5%,4%,0%,4%,4%,8%,7%,10%,12%,42%,54%,57%,49%,53%,74%,80%,47%,46%,88%,77%,65%,58%,50%,51%,34%,57%,41%,64%,54%,54%,53%,62%,67%,61%,61%
Tunisia,TUN,"Personal remittances, received (% of GDP)",BX.TRF.PWKR.DT.GD.ZS,,,,,,,,,,,,,,,,,316%,329%,370%,394%,364%,428%,458%,431%,384%,322%,385%,473%,493%,445%,448%,401%,343%,306%,402%,377%,376%,330%,329%,332%,371%,420%,462%,455%,459%,432%,439%,441%,441%,452%,468%,438%,503%,495%,493%,457%,436%,473%,509%
Turkey,TUR,"Personal remittances, received (% of GDP)",BX.TRF.PWKR.DT.GD.ZS,,,,,,,,,,,,,,,401%,294%,191%,167%,151%,189%,301%,351%,332%,245%,301%,255%,216%,232%,195%,286%,215%,188%,190%,162%,201%,196%,195%,221%,194%,177%,167%,139%,81%,23%,20%,27%,33%,31%,32%,28%,24%,23%,22%,20%,19%,16%,14%,12%,15%
Tuvalu,TUV,"Personal remittances, received (% of GDP)",BX.TRF.PWKR.DT.GD.ZS,,,,,,,,,,,,,,,,,,,,,,,,,,,,,,,,,,,,,,,,,,3221%,4234%,2785%,2258%,2258%,1600%,2073%,1969%,1781%,1232%,1184%,1018%,1082%,1088%,1143%,1110%,999%,950%
Tanzania,TZA,"Personal remittances, received (% of GDP)",BX.TRF.PWKR.DT.GD.ZS,,,,,,,,,,,,,,,,,,,,,,,,,,,,,,,,,,,,2%,30%,2%,9%,6%,6%,11%,8%,6%,8%,11%,8%,12%,13%,14%,108%,118%,98%,84%,78%,82%,81%,76%,75%
Uganda,UGA,"Personal remittances, received (% of GDP)",BX.TRF.PWKR.DT.GD.ZS,,,,,,,,,,,,,,,,,,,,,,,,,,,,,,,,,,,,,,,,388%,384%,597%,715%,472%,391%,357%,413%,367%,508%,430%,382%,405%,395%,382%,325%,333%,475%,448%,448%
Ukraine,UKR,"Personal remittances, received (% of GDP)",BX.TRF.PWKR.DT.GD.ZS,,,,,,,,,,,,,,,,,,,,,,,,,,,,,,,,,,,,,1%,2%,3%,6%,134%,218%,281%,304%,289%,280%,288%,371%,377%,507%,480%,479%,481%,527%,551%,931%,1015%,1081%,1099%
Upper middle income,UMC,"Personal remittances, received (% of GDP)",BX.TRF.PWKR.DT.GD.ZS,,,,,,,,,,,,,,,,,,,,,,,67%,66%,68%,58%,62%,63%,,,,59%,68%,69%,75%,62%,59%,66%,68%,74%,72%,79%,95%,113%,115%,99%,97%,91%,80%,78%,68%,62%,59%,60%,67%,79%,76%,71%,70%
Uruguay,URY,"Personal remittances, received (% of GDP)",BX.TRF.PWKR.DT.GD.ZS,,,,,,,,,,,,,,,,,,,,6%,,,,,,,,,,,,,,,,,,,,,,0%,26%,51%,51%,44%,45%,41%,36%,32%,31%,27%,18%,16%,16%,16%,16%,17%,17%
United States,USA,"Personal remittances, received (% of GDP)",BX.TRF.PWKR.DT.GD.ZS,,,,,,,,,,,,,,,,,,1%,1%,1%,0%,0%,0%,0%,0%,0%,2%,2%,2%,2%,2%,2%,3%,3%,3%,3%,3%,3%,3%,4%,4%,4%,4%,4%,4%,4%,4%,4%,4%,4%,4%,4%,4%,4%,4%,4%,3%,3%,3%
Uzbekistan,UZB,"Personal remittances, received (% of GDP)",BX.TRF.PWKR.DT.GD.ZS,,,,,,,,,,,,,,,,,,,,,,,,,,,,,,,,,,,,,,,,,,,,,,,518%,759%,1018%,615%,727%,931%,1099%,1159%,760%,374%,303%,,
St. Vincent and the Grenadines,VCT,"Personal remittances, received (% of GDP)",BX.TRF.PWKR.DT.GD.ZS,,,,,,,,,,,,,,,,,,,,,,,,,,,863%,861%,745%,716%,650%,96%,73%,607%,587%,490%,501%,494%,483%,475%,487%,452%,442%,430%,411%,407%,418%,422%,385%,431%,427%,432%,449%,438%,600%,552%,574%,576%,512%
"Venezuela, RB",VEN,"Personal remittances, received (% of GDP)",BX.TRF.PWKR.DT.GD.ZS,,,,,,,,,,,,,,,,,,,,,,,,,,0%,0%,0%,0%,0%,0%,0%,0%,0%,0%,0%,1%,2%,2%,2%,1%,2%,2%,25%,13%,10%,9%,7%,4%,4%,4%,4%,3%,3%,3%,,,,
British Virgin Islands,VGB,"Personal remittances, received (% of GDP)",BX.TRF.PWKR.DT.GD.ZS,,,,,,,,,,,,,,,,,,,,,,,,,,,,,,,,,,,,,,,,,,,,,,,,,,,,,,,,,,,
Virgin Islands (U.S.),VIR,"Personal remittances, received (% of GDP)",BX.TRF.PWKR.DT.GD.ZS,,,,,,,,,,,,,,,,,,,,,,,,,,,,,,,,,,,,,,,,,,,,,,,,,,,,,,,,,,,
Vietnam,VNM,"Personal remittances, received (% of GDP)",BX.TRF.PWKR.DT.GD.ZS,,,,,,,,,,,,,,,,,,,,,,,,,,,,,,,,,,,,,,,,,430%,337%,505%,531%,508%,547%,573%,798%,686%,568%,712%,635%,642%,642%,644%,673%,682%,670%,651%
Vanuatu,VUT,"Personal remittances, received (% of GDP)",BX.TRF.PWKR.DT.GD.ZS,,,,,,,,,,,,,,,,,,,,,,,953%,649%,625%,706%,676%,647%,539%,507%,518%,480%,718%,640%,826%,262%,1451%,607%,297%,359%,497%,715%,156%,127%,135%,129%,114%,105%,147%,188%,168%,275%,282%,296%,345%,326%,239%,222%,219%
World,WLD,"Personal remittances, received (% of GDP)",BX.TRF.PWKR.DT.GD.ZS,,,,,,,,,,,,,,,,,,31%,34%,37%,42%,39%,41%,40%,37%,39%,40%,40%,39%,40%,40%,33%,35%,34%,35%,32%,32%,37%,37%,37%,37%,41%,45%,50%,51%,55%,59%,62%,65%,66%,65%,65%,67%,69%,72%,77%,74%,74%,75%
Samoa,WSM,"Personal remittances, received (% of GDP)",BX.TRF.PWKR.DT.GD.ZS,,,,,,,,,,,,,,,,,,,,,,,1567%,1788%,1831%,2511%,2873%,3312%,2857%,3336%,3419%,2787%,3023%,2404%,1673%,1802%,1772%,1632%,1559%,1726%,1673%,1648%,1562%,1328%,21%,1764%,1713%,1754%,1692%,2130%,2154%,2157%,2218%,2045%,1745%,1631%,1662%,1638%,1643%
Kosovo,XKX,"Personal remittances, received (% of GDP)",BX.TRF.PWKR.DT.GD.ZS,,,,,,,,,,,,,,,,,,,,,,,,,,,,,,,,,,,,,,,,,,,,,1745%,1915%,2004%,1973%,1833%,1866%,1727%,1483%,1455%,1497%,1487%,1508%,1468%,1538%,1564%
"Yemen, Rep.",YEM,"Personal remittances, received (% of GDP)",BX.TRF.PWKR.DT.GD.ZS,,,,,,,,,,,,,,,,,,,,,,,,,,,,,,,2653%,1683%,1575%,1935%,2542%,2537%,1961%,1709%,1901%,1601%,1334%,1313%,1210%,1078%,925%,766%,673%,610%,524%,462%,494%,429%,947%,827%,775%,786%,1218%,1406%,1245%
South Africa,ZAF,"Personal remittances, received (% of GDP)",BX.TRF.PWKR.DT.GD.ZS,,,,,,,,,,,8%,8%,8%,5%,7%,9%,8%,7%,9%,9%,8%,10%,10%,8%,7%,6%,4%,4%,4%,7%,12%,10%,9%,8%,7%,5%,5%,12%,19%,22%,24%,23%,23%,22%,20%,24%,25%,26%,27%,29%,28%,28%,27%,26%,26%,26%,26%,25%,25%
Zambia,ZMB,"Personal remittances, received (% of GDP)",BX.TRF.PWKR.DT.GD.ZS,,,,,,,,,,,,,,,,,,,,,,,,,,,,,,,,,,,,,,,,,,,,74%,78%,63%,45%,42%,38%,27%,22%,20%,29%,19%,21%,22%,18%,36%,40%
Zimbabwe,ZWE,"Personal remittances, received (% of GDP)",BX.TRF.PWKR.DT.GD.ZS,,,,,,,,,,,,,,,,,,40%,30%,37%,25%,35%,39%,25%,6%,1%,1%,2%,2%,1%,1%,0%,1%,2%,63%,,,,,,,,,,,,,,,1247%,1174%,1361%,1235%,990%,977%,1025%,903%,758%,599%
